publisher,title,issn_l,issn,oa_status,works
"Unknown / no publisher","","","","gold","2706"
"Unknown / no publisher","Journal of Metals Materials and Minerals","2630-0508","2630-0508","hybrid","209"
"Unknown / no publisher","Journal of Ecohumanism","2752-6798","2752-6798 2752-6801","hybrid","170"
"Unknown / no publisher","Asia Social Issues","2774-0315","2774-0315","hybrid","153"
"Unknown / no publisher","Asian Medical Journal and Alternative Medicine","2773-9465","2773-9465","hybrid","152"
"Unknown / no publisher","rEFLections","2651-1479","2651-1479","hybrid","147"
"Unknown / no publisher","Pacific Rim International Journal of Nursing Research","2586-8373","2586-8373","hybrid","147"
"Unknown / no publisher","Journal of Architectural/Planning Research and Studies (JARS)","2773-8868","2773-8868","hybrid","139"
"Unknown / no publisher","The Journal of Thailand Nursing and Midwifery Council","2985-0894","2985-0894","hybrid","119"
"Unknown / no publisher","Journal of Educational Issues","2377-2263","2377-2263","hybrid","107"
"Unknown / no publisher","THE BANGKOK MEDICAL JOURNAL","2287-0237","2287-0237","hybrid","99"
"Unknown / no publisher","Suranaree Journal of Social Science","2651-088X","2651-088X","hybrid","96"
"Unknown / no publisher","International Journal of Geoinformatics","2673-0014","2673-0014","hybrid","89"
"Unknown / no publisher","Journal of Southeast Asian Medical Research","2697-5424","2697-5424","hybrid","85"
"Unknown / no publisher","Psychology and Education Journal","0033-3077","0033-3077","hybrid","81"
"Unknown / no publisher","International Journal of Agricultural Technology","2630-0192","2630-0192","hybrid","76"
"Unknown / no publisher","International Journal of Religion","2633-352X","2633-352X 2633-3538","hybrid","75"
"Unknown / no publisher","Parichart Journal Thaksin University","2651-0804","2651-0804","hybrid","68"
"Thieme Medical Publishers (Germany)","Asian Journal of Neurosurgery","1793-5482","1793-5482 2248-9614","hybrid","65"
"Unknown / no publisher","Rajabhat Chiang Mai Research Journal","2651-2068","2651-2068","hybrid","64"
"Unknown / no publisher","International Journal of Sociologies and Anthropologies Science Reviews","2774-0366","2774-0366","hybrid","64"
"Unknown / no publisher","Asian Journal of Arts and Culture","2773-9953","2773-9953","hybrid","62"
"Unknown / no publisher","PSU Medical Journal","2773-8728","2773-8728","hybrid","58"
"Chulalongkorn University","Asian Biomedicine","1875-855X","1875-855X 1905-7415","hybrid","54"
"IOS Press","Studies in health technology and informatics","0926-9630","0926-9630 1879-8365","hybrid","53"
"Unknown / no publisher","Journal of Education and Learning Reviews","3057-0387","3057-0387","hybrid","50"
"Unknown / no publisher","Journal of Advanced Research in Fluid Mechanics and Thermal Sciences","2289-7879","2289-7879","hybrid","48"
"Unknown / no publisher","ECTI Transactions on Electrical Engineering Electronics and Communications","1685-9545","1685-9545","hybrid","47"
"Centro Universitario da FEI","Revista de Gestão Social e Ambiental","1981-982X","1981-982X","hybrid","47"
"Medknow","Journal of International Society of Preventive and Community Dentistry","2231-0762","2231-0762 2250-1002","hybrid","42"
"Unknown / no publisher","Frontiers in artificial intelligence and applications","0922-6389","0922-6389 1879-8314","hybrid","41"
"Unknown / no publisher","Journal of Southeast Asian Orthopaedics","0125-7552","0125-7552","hybrid","40"
"Unknown / no publisher","Thai Legal Studies","2774-0560","2774-0560","hybrid","37"
"American Society of Tropical Medicine and Hygiene","American Journal of Tropical Medicine and Hygiene","0002-9637","0002-9637 1476-1645","hybrid","36"
"IntechOpen","IntechOpen eBooks","","","hybrid","36"
"American Physical Society","Physical review. D/Physical review. D.","2470-0010","2470-0010 2470-0029 2470-0037","hybrid","35"
"Medknow","Surgical Neurology International","2152-7806","2152-7806 2229-5097","hybrid","35"
"Scientific.net","Diffusion and defect data, solid state data. Part B, Solid state phenomena/Solid state phenomena","1012-0394","1012-0394 1662-9779 1662-9787","hybrid","34"
"Atlantis Press","Advances in economics, business and management research/Advances in Economics, Business and Management Research","2352-5428","2352-5428 2731-7854","hybrid","34"
"Unknown / no publisher","Journal of Technical Education Development","2651-2238","2651-2238","hybrid","34"
"Unknown / no publisher","Journal of Business Innovation and Sustainability (JBIS)","3027-6608","3027-6608","hybrid","32"
"Maejo University","Maejo International Journal of Energy and Environmental Communication","2774-0064","2774-0064","hybrid","30"
"Unknown / no publisher","Area based development research journal","2985-1807","2985-1807","hybrid","30"
"Unknown / no publisher","Corporate and Business Strategy Review","2708-4965","2708-4965 2708-9924","hybrid","29"
"Unknown / no publisher","RMUTT GLOBAL BUSINESS ACCOUNTING AND FINANCE REVIEW","2697-5076","2697-5076","hybrid","28"
"Unknown / no publisher","Journal of Liberal Arts RMUTT","2730-2105","2730-2105","hybrid","27"
"Baishideng Publishing Group","World Journal of Gastroenterology","1007-9327","1007-9327 2219-2840","hybrid","26"
"Korean Society of Food Science and Nutrition","Preventive Nutrition and Food Science","2287-1098","2287-1098 2287-8602","hybrid","25"
"Unknown / no publisher","Journal of Applied Humanities Studies","3088-2486","3088-2486","hybrid","25"
"Unknown / no publisher","Journal of Community Development Research (Humanities and Social Sciences)","2985-0231","2985-0231 2985-024X","hybrid","25"
"Unknown / no publisher","Anatomy & Cell Biology","2093-3665","2093-3665 2093-3673","hybrid","24"
"Unknown / no publisher","วารสารสังคมศึกษาปริทรรศน์","3057-076X","3057-076X","hybrid","24"
"Unknown / no publisher","Indian Journal of Forensic Medicine & Toxicology","0973-9122","0973-9122 0973-9130","hybrid","23"
"Unknown / no publisher","วารสารศิลปศาสตร์ มหาวิทยาลัยธรรมศาสตร์","1513-9131","1513-9131 2672-9814","hybrid","23"
"Unknown / no publisher","Economics and Business Administration Journal Thaksin University","2651-1592","2651-1592","hybrid","22"
"American Society for Microbiology","Antimicrobial Agents and Chemotherapy","0066-4804","0066-4804 1070-6283 1098-6596","hybrid","21"
"Unknown / no publisher","Contemporary Educational Technology","1309-517X","1309-517X","hybrid","21"
"Ahmad Dahlan University","Journal of Education and Learning (EduLearn)","2089-9823","2089-9823 2302-9277","hybrid","21"
"International Scientific Information Inc.","American Journal of Case Reports","1941-5923","1941-5923","hybrid","21"
"Unknown / no publisher","King Mongkut s Agricultural Journal","2651-2203","2651-2203","hybrid","21"
"Unknown / no publisher","Srinagarind Medical Journal","2821-9724","2821-9724","hybrid","21"
"Unknown / no publisher","Warasan Witthayasat Latkrabang (Online)","2539-7257","2539-7257","hybrid","20"
"Unknown / no publisher","Journal of Science Ladkrabang","3057-1634","3057-1634","hybrid","20"
"Unknown / no publisher","Journal of the Nephrology Society of Thailand","0859-239X","0859-239X 2774-0676","hybrid","20"
"Unknown / no publisher","Thai Red Cross Nursing Journal","1906-7925","1906-7925 3027-6489","hybrid","20"
"Insight Society","International Journal on Advanced Science Engineering and Information Technology","2088-5334","2088-5334 2460-6952","hybrid","19"
"Bentham Science Publishers","The Open Dentistry Journal","1874-2106","1874-2106","hybrid","18"
"Institute of Medico-legal Publications Private Limited","International Journal of Nursing Education","0974-9349","0974-9349 0974-9357","hybrid","18"
"Unknown / no publisher","Art and Performance Letters","2523-5877","2523-5877","hybrid","18"
"International Information and Engineering Technology Association","International Journal of Sustainable Development and Planning","1743-7601","1743-7601 1743-761X","hybrid","18"
"Unknown / no publisher","PSU Medical Journal","3057-1340","3057-1340","hybrid","18"
"Unknown / no publisher","Journal of Advanced Research in Applied Sciences and Engineering Technology","2462-1943","2462-1943","hybrid","17"
"De Gruyter","Frontiers of Nursing","2544-8994","2544-8994","hybrid","17"
"Unknown / no publisher","SNRU Journal of Science and Technology","2630-015X","2630-015X","hybrid","17"
"Unknown / no publisher","TLA Research Journal","3027-6977","3027-6977","hybrid","17"
"Unknown / no publisher","Pertanika journal of social science & humanities","0128-7702","0128-7702 2231-8534","hybrid","16"
"Unknown / no publisher","วารสารงานวิจัยและพัฒนาเชิงประยุกต์ โดยสมาคม ECTI","2773-918X","2773-918X","hybrid","16"
"Iran University of Science and Technology","International Journal of Communication Networks and Information Security (IJCNIS)","2073-607X","2073-607X 2076-0930","hybrid","16"
"Unknown / no publisher","International Journal For Multidisciplinary Research","2582-2160","2582-2160","hybrid","16"
"Unknown / no publisher","Journal of Fisheries and Environment","2630-0826","2630-0826","hybrid","16"
"Unknown / no publisher","International Journal of Health & Business Analytics","3116-2649","3116-2649","hybrid","16"
"Rajamangala University of Technology Thanyaburi","Journal of Fine Arts Research and Applied Arts","2822-003X","2822-003X 2822-0048","hybrid","15"
"Unknown / no publisher","The Asian Conference on the Arts, Humanities and Social Sciences Conference proceedings/Asian Conference on the Social Sciences official conference proceedings/Asian Conference on Arts & Humanities official conference proceedings","2186-229X","2186-229X 2186-2303 2218-2179","hybrid","14"
"Unknown / no publisher","Journal of Renewable Energy and Smart Grid Technology","2630-0036","2630-0036","hybrid","14"
"Science Publications","Journal of Computer Science","1549-3636","1549-3636 1552-6607","hybrid","13"
"Unknown / no publisher","Annals of Applied Sport Science","1564-0205","1564-0205","hybrid","13"
"Unknown / no publisher","Advances in Vocational and Technical Education","2523-5834","2523-5834","hybrid","13"
"Unknown / no publisher","Lex localis - Journal of Local Self-Government","1581-5374","1581-5374 1855-363X","hybrid","13"
"Unknown / no publisher","Journal of Southeast Asian Orthopaedics","2821-9848","2821-9848 2821-9864","hybrid","13"
"Unknown / no publisher","Journal of Contemporary Social Sciences and Humanities","2630-0583","2630-0583 2985-055X","hybrid","13"
"Unknown / no publisher","Recent Science and Technology","3057-0786","3057-0786","hybrid","13"
"National Academy of Sciences","Proceedings of the National Academy of Sciences","0027-8424","0027-8424 1091-6490","hybrid","12"
"World Scientific","Fractals","0218-348X","0218-348X 1793-6543","hybrid","12"
"University of Putra Malaysia","Pertanika journal of science & technology","0128-7680","0128-7680 2231-8526","hybrid","12"
"Unknown / no publisher","Proceedings of 37th International Cosmic Ray Conference — PoS(ICRC2021)","","","hybrid","12"
"Unknown / no publisher","The Journal of Behavioral Science","2651-2246","2651-2246","hybrid","12"
"Unknown / no publisher","Language and Linguistics","0857-1406","0857-1406 2672-9881","hybrid","12"
"Elsevier BV","Oncology Reports","1021-335X","1021-335X 1791-2431","hybrid","11"
"Unknown / no publisher","Accounting and Corporate Management","2523-5788","2523-5788","hybrid","11"
"Unknown / no publisher","DEC Journal Art and Design","3088-1277","3088-1277 3088-1323","hybrid","11"
"Unknown / no publisher","Indochina Applied Science","3088-120X","3088-120X","hybrid","11"
"Medknow","Pharmacognosy Research","0974-8490","0974-8490 0976-4836","hybrid","10"
"GSC Online Press","World Journal of Advanced Research and Reviews","2581-9615","2581-9615","hybrid","10"
"Unknown / no publisher","GSC Advanced Research and Reviews","2582-4597","2582-4597","hybrid","10"
"Unknown / no publisher","International Journal of Global Optimization and Its Application","2948-4030","2948-4030","hybrid","10"
"Korean Society for Parasitology","Parasites Hosts and Diseases","2982-5164","2982-5164 2982-6799","hybrid","10"
"Unknown / no publisher","Corporate Law & Governance Review","2664-1542","2664-1542 2707-1111","hybrid","10"
"UWA Publishing","IWA Publishing eBooks","","","hybrid","10"
"Korean Society of Radiology","Korean Journal of Radiology","1229-6929","1229-6929 2005-8330","hybrid","9"
"Unknown / no publisher","Journal of Population and Social Studies","2465-4418","2465-4418","hybrid","9"
"Publishing house ""Virtus Interpress""","Corporate Governance and Organizational Behavior Review","2521-1870","2521-1870 2521-1889","hybrid","9"
"Atlantis Press","Atlantis highlights in social sciences, education and humanities/Atlantis Highlights in Social Sciences, Education and Humanities","2667-128X","2667-128X 2731-796X","hybrid","9"
"Atlantis Press","Advances in computer science research","2352-538X","2352-538X 2948-1961","hybrid","9"
"Unknown / no publisher","Journal of Education and Community Health","2820-896X","2820-896X","hybrid","9"
"Unknown / no publisher","Trans Tech Publications Ltd. eBooks","","","hybrid","9"
"Unknown / no publisher","Warasan Witsawakammasat Ratchamongkhon Thanyaburi","2697-4339","2697-4339","hybrid","9"
"BMJ","BMJ Case Reports","1757-790X","1757-790X","hybrid","8"
"Unknown / no publisher","JOURNAL OF RENEWABLE MATERIALS","2164-6325","2164-6325 2164-6341","hybrid","8"
"Agricultural Research Communication Centre","Indian Journal of Animal Research","0367-6722","0367-6722 0976-0555","hybrid","8"
"Unknown / no publisher","INTERNATIONAL JOURNAL OF MULTIDISCIPLINARY RESEARCH AND ANALYSIS","2643-9840","2643-9840 2643-9875","hybrid","8"
"Georg Thieme Verlag","Journal of Child Science","2474-5871","2474-5871","hybrid","8"
"Unknown / no publisher","Lecture Notes in Education Psychology and Public Media","2753-7048","2753-7048 2753-7056","hybrid","8"
"Unknown / no publisher","Advances in Economics Management and Political Sciences","2754-1169","2754-1169 2754-1177","hybrid","8"
"Unknown / no publisher","วารสารศึกษาศาสตร์ มหาวิทยาลัยทักษิณ","3027-8368","3027-8368","hybrid","8"
"Unknown / no publisher","BMJ","1756-1833","1756-1833","hybrid","7"
"Unknown / no publisher","International Journal of Human Resource Studies","2162-3058","2162-3058","hybrid","7"
"Institute of Medico-legal Publications Private Limited","Indian Journal of Public Health Research & Development","0976-0245","0976-0245 0976-5506","hybrid","7"
"Medknow","Journal of international oral health","0976-1799","0976-1799 0976-7428","hybrid","7"
"Unknown / no publisher","Asian Conference on Education & International Development official conference proceedings","2189-101X","2189-101X","hybrid","7"
"Unknown / no publisher","International Journal on Research and Development - A Management Review","2319-5479","2319-5479","hybrid","7"
"Unknown / no publisher","วารสารวิชาการการตลาดและการจัดการ มหาวิทยาลัยเทคโนโลยีราชมงคลธัญบุรี","2351-0579","2351-0579","hybrid","7"
"Unknown / no publisher","Frontiers in Engineering Innovation Research","3056-9273","3056-9273","hybrid","7"
"Unknown / no publisher","Philippine Journal of Physical Therapy","2766-3086","2766-3086","hybrid","7"
"Unknown / no publisher","International Conference of Business and Social Sciences","2746-5667","2746-5667","hybrid","7"
"Kyushu University","Proceedings of International Exchange and Innovation Conference on Engineering & Sciences (IEICES)","2434-1436","2434-1436","hybrid","7"
"Unknown / no publisher","Eruditio Indonesia Journal of Food and Drug Safety","2747-2493","2747-2493 2807-6222","hybrid","7"
"Unknown / no publisher","Journal of Dental Anesthesia and Pain Medicine","2383-9317","2383-9317","hybrid","6"
"Korean Society of Environmental Helath and Toxicology","Environmental Analysis Health and Toxicology","2671-9525","2671-9525","hybrid","6"
"Spandidos Publishing","International Journal of Molecular Medicine","1107-3756","1107-3756 1791-244X","hybrid","6"
"Unknown / no publisher","ARTS Bulletin :","2811-3950","2811-3950","hybrid","6"
"International Information and Engineering Association","Mathematical Modelling and Engineering Problems","2369-0739","2369-0739 2369-0747","hybrid","6"
"Atlantis Press","Atlantis Highlights in Computer Sciences/Atlantis highlights in computer sciences","2589-4900","2589-4900 2731-7900","hybrid","6"
"Unknown / no publisher","Journal of biomimetics, biomaterials and biomedical engineering","2296-9837","2296-9837 2296-9845 2296-9853","hybrid","6"
"Unknown / no publisher","The Kyoto Conference on Arts, Media & Culture official conference proceedings","2436-0503","2436-0503","hybrid","6"
"Lippincott Williams & Wilkins","JBI Evidence Synthesis","2689-8381","2689-8381","hybrid","6"
"Unknown / no publisher","Journal of Electrical Systems","1112-5209","1112-5209","hybrid","6"
"Unknown / no publisher","Green Inflation","3048-0612","3048-0612","hybrid","6"
"Publishing house ""Virtus Interpress""","Corporate Governance and Sustainability Review","2519-8971","2519-8971 2519-898X","hybrid","6"
"Unknown / no publisher","Strategic Perspectives on Business and Marketing Management","3088-1633","3088-1633","hybrid","6"
"Unknown / no publisher","Springer Proceedings in Humanities and Social Sciences","2948-2526","2948-2526 2948-2534","hybrid","6"
"Unknown / no publisher","วารสารการบริหารการปกครองและนวัตกรรมท้องถิ่น","2673-0405","2673-0405 3027-8120","hybrid","6"
"Unknown / no publisher","Research Medical Journal","3088-2788","3088-2788","hybrid","6"
"Unknown / no publisher","Journal of Medicine and Urban Health","3088-2826","3088-2826 3088-2834","hybrid","6"
"Unknown / no publisher","Asian Pacific Journal of Allergy and Immunology","2228-8694","2228-8694","hybrid","5"
"Unknown / no publisher","Review of Economics and Finance","1923-7529","1923-7529 1923-8401","hybrid","5"
"Lippincott Williams & Wilkins","Journal of Glaucoma","1057-0829","1057-0829 1536-481X","hybrid","5"
"ELEWA BIOSCIENCES, F.a.C.T.LTD","The Journal of Animal and Plant Sciences","1018-7081","1018-7081 2309-8694","hybrid","5"
"International Scientific Information Inc.","Medical science monitor basic research/Medical science monitor. Basic research","2325-4394","2325-4394 2325-4416","hybrid","5"
"Unknown / no publisher","The Thai Journal of Pharmaceutical Sciences","3027-7922","3027-7922","hybrid","5"
"Unknown / no publisher","International Review of Electrical Engineering (IREE)","1827-6660","1827-6660 1827-6679 2533-2244","hybrid","5"
"Atlantis Press","Advances in biological sciences research/Advances in Biological Sciences Research","2468-5747","2468-5747 2731-7846","hybrid","5"
"Springer International Publishing","Historical & cultural astronomy","2509-310X","2509-310X 2509-3118","hybrid","5"
"Atlantis Press","Advances in health sciences research/Advances in Health Sciences Research","2468-5739","2468-5739 2731-7862","hybrid","5"
"Unknown / no publisher","Journal of Environmental Exposure Assessment","2771-5949","2771-5949","hybrid","5"
"Unknown / no publisher","Poligrafi","2232-5174","2232-5174","hybrid","5"
"Unknown / no publisher","Applied & Educational Psychology","2523-5842","2523-5842","hybrid","5"
"Wiley","Integrative Conservation","2770-9329","2770-9329","hybrid","5"
"SAGE Publishing","Pharmacognosy Magazine","0973-1296","0973-1296 0976-4062","hybrid","5"
"Materials and Energy Research Center","International Journal of Engineering","1025-2495","1025-2495 1735-9244","hybrid","5"
"Springer International Publishing","IMISCOE research series","2364-4087","2364-4087 2364-4095","hybrid","5"
"Institute of Physics","Japanese Journal of Applied Physics","0021-4922","0021-4922 1347-4065","hybrid","5"
"Unknown / no publisher","Journal of Humanities Arts and Social Science","2576-0548","2576-0548 2576-0556","hybrid","5"
"Unknown / no publisher","Gazzetta Medica Italiana Archivio per le Scienze Mediche","0393-3660","0393-3660 1827-1812","hybrid","5"
"Spandidos Publishing","Molecular Medicine Reports","1791-2997","1791-2997 1791-3004","hybrid","5"
"Unknown / no publisher","International Journal of Latest Technology in Engineering Management & Applied Science","2278-2540","2278-2540","hybrid","5"
"Unknown / no publisher","Journal of the Siam Society","2651-1851","2651-1851","hybrid","5"
"World Scientific","Asian Case Research Journal","0218-9275","0218-9275 1793-6772","hybrid","5"
"Unknown / no publisher","ŬzMU habarlari.","2181-7324","2181-7324","hybrid","5"
"Unknown / no publisher","Research Journal for Social Affairs","3006-5232","3006-5232 3006-5240","hybrid","5"
"Unknown / no publisher","The critical review of social sciences studies","3006-7162","3006-7162 3006-7170","hybrid","5"
"Unknown / no publisher","Journal of Advanced Research Design","2289-7984","2289-7984","hybrid","5"
"Lippincott Williams & Wilkins","The Pediatric Infectious Disease Journal","0891-3668","0891-3668 1532-0987","hybrid","4"
"Unknown / no publisher","European Journal of Science and Mathematics Education","2301-251X","2301-251X","hybrid","4"
"Unknown / no publisher","Jurnal Pendidikan Progresif","2087-9849","2087-9849 2550-1313","hybrid","4"
"Unknown / no publisher","The Korean Journal of Orthodontics","1225-5610","1225-5610 2005-372X 2234-7518","hybrid","4"
"Science Press","Journal of Southwest Jiaotong University","0258-2724","0258-2724","hybrid","4"
"Unknown / no publisher","International Journal of Advanced Research","2320-5407","2320-5407","hybrid","4"
"Unknown / no publisher","Journal of Public Administration and Governance","2161-7104","2161-7104","hybrid","4"
"Association of Pharmaceutical Teachers of India","Indian Journal of Pharmaceutical Education and Research","0019-5464","0019-5464","hybrid","4"
"CSIRO Publishing","Sexual Health","1448-5028","1448-5028 1449-8987","hybrid","4"
"IEEE Sensors Council","IEEE Sensors Journal","1530-437X","1530-437X 1558-1748","hybrid","4"
"Medknow","WHO South-East Asia Journal of Public Health","2224-3151","2224-3151 2304-5272","hybrid","4"
"Unknown / no publisher","InterConf","2709-4685","2709-4685","hybrid","4"
"Unknown / no publisher","English as a Foreign Language International Journal","2799-0699","2799-0699","hybrid","4"
"Unknown / no publisher","Peer Community In Genomics","2780-0539","2780-0539","hybrid","4"
"IGI Global","IGI Global eBooks","","","hybrid","4"
"Unknown / no publisher","GMPI Conference Series","2829-0747","2829-0747","hybrid","4"
"Unknown / no publisher","Business, management and economics","2753-894X","2753-894X","hybrid","4"
"Microbiology Society","Journal of Medical Microbiology","0022-2615","0022-2615 1473-5644","hybrid","4"
"Georg Thieme Verlag","Journal of Health and Allied Sciences NU","2582-4287","2582-4287 2582-4953","hybrid","4"
"Unknown / no publisher","BOHR International Journal of Social Science and Humanities Research.","2583-8946","2583-8946","hybrid","4"
"Unknown / no publisher","Journal of Halal Science Industry and Business","3030-9689","3030-9689","hybrid","4"
"Korea Institute of Information and Communication Engineering","Journal of information and communication convergence engineering","2234-8255","2234-8255 2234-8883","hybrid","4"
"International Information and Engineering Technology Association","International Journal of Design & Nature and Ecodynamics","1755-7437","1755-7437 1755-7445","hybrid","4"
"Springer International Publishing","Sustainable development goals series","2523-3084","2523-3084 2523-3092","hybrid","4"
"Unknown / no publisher","Engineering innovations","2813-0995","2813-0995 2813-1002","hybrid","4"
"Unknown / no publisher","Theoretical and Natural Science","2753-8818","2753-8818 2753-8826","hybrid","4"
"Unknown / no publisher","Asian Conference on Education official conference proceedings/ACE","2185-6133","2185-6133 2186-5892","hybrid","4"
"Unknown / no publisher","Southeast Asian Conference on Education official conference proceedings","2435-5240","2435-5240","hybrid","4"
"Unknown / no publisher","The Eurasia Proceedings of Science Technology Engineering and Mathematics","2602-3199","2602-3199","hybrid","4"
"Unknown / no publisher","Journal of Asian Pacific Society of Cardiology","2754-0650","2754-0650","hybrid","4"
"International Scientific Information Inc.","Medical Science Monitor","1234-1010","1234-1010 1643-3750","hybrid","4"
"Medknow","Journal of Musculoskeletal Surgery and Research","2589-1219","2589-1219 2589-1227","hybrid","4"
"Unknown / no publisher","International Journal of Management Thinking","3009-0016","3009-0016","hybrid","4"
"Unknown / no publisher","Social Science Innovation and Applied Management (SIAM)","3057-1979","3057-1979","hybrid","4"
"Unknown / no publisher","Journal of Language Learning and Assessment","3031-5115","3031-5115","hybrid","4"
"Medknow","Journal of Datta Meghe Institute of Medical Sciences University","0974-3901","0974-3901 2250-1231","hybrid","4"
"Unknown / no publisher","The Paris Conference on Education, official conference proceedings","2758-0962","2758-0962","hybrid","4"
"Unknown / no publisher","International Journal of Economics and Management Sciences","3046-9279","3046-9279","hybrid","4"
"Unknown / no publisher","Current Traditional Medicine","2215-0838","2215-0838 2215-0846","hybrid","4"
"Unknown / no publisher","Psychology and Education A Multidisciplinary Journal","2822-4353","2822-4353","hybrid","4"
"Unknown / no publisher","New Horizon of Education","3079-4668","3079-4668 3107-216X","hybrid","4"
"Unknown / no publisher","Asian Journal of Logistics and Intermodal Transport Management","3088-2923","3088-2923","hybrid","4"
"CSIRO Publishing","Animal Production Science","1836-0939","1836-0939 1836-5787","hybrid","3"
"CSIRO Publishing","Invertebrate Systematics","1445-5226","1445-5226 1447-2600","hybrid","3"
"International Scientific Information Inc.","Annals of Transplantation","1425-9524","1425-9524 2329-0358","hybrid","3"
"Unknown / no publisher","Journal of Environmental Management and Tourism","2068-7729","2068-7729","gold","3"
"Spandidos Publishing","International Journal of Oncology","1791-2423","1791-2423","hybrid","3"
"American Society for Microbiology","Infection and Immunity","0019-9567","0019-9567 1070-6313 1098-5522","hybrid","3"
"Unknown / no publisher","Saudi Endodontic Journal","1658-5984","1658-5984","hybrid","3"
"Institute of Medico-legal Publications Private Limited","Indian Journal of Physiotherapy and Occupational Therapy - An International Journal","0973-5666","0973-5666 0973-5674","hybrid","3"
"Unknown / no publisher","Journal La Lifesci","2721-1207","2721-1207 2721-1304","hybrid","3"
"Lippincott Williams & Wilkins","JAIDS Journal of Acquired Immune Deficiency Syndromes","1525-4135","1525-4135 1944-7884","hybrid","3"
"Unknown / no publisher","Business Management and Strategy","2157-6068","2157-6068","hybrid","3"
"Unknown / no publisher","International Journal of Scientific and Research Publications","2250-3153","2250-3153","hybrid","3"
"John Libbey Eurotext","European Journal of Dermatology","1167-1122","1167-1122 1952-4013","gold","3"
"Q26794415","Die Pharmazie","0031-7144","0031-7144","hybrid","3"
"Portland Press","Clinical Science","0143-5221","0143-5221 1470-8736","hybrid","3"
"Royal Society","Philosophical Transactions of the Royal Society B Biological Sciences","0962-8436","0962-8436 1471-2970","hybrid","3"
"American Society of Neuroradiology","American Journal of Neuroradiology","0195-6108","0195-6108 1936-959X","hybrid","3"
"Acoustical Society of America","The Journal of the Acoustical Society of America","0001-4966","0001-4966 1520-8524 1520-9024","hybrid","3"
"Unknown / no publisher","Journal of Neurosurgery Case Lessons","2694-1902","2694-1902","hybrid","3"
"Unknown / no publisher","SEAQIS Journal of Science Education","2777-0397","2777-0397 2798-7175","hybrid","3"
"Brill","Signs and Media","2590-0315","2590-0315 2590-0323","hybrid","3"
"Unknown / no publisher","International Journal of Learning and Development","2164-4063","2164-4063","hybrid","3"
"Medknow","Journal of Medical Society","0972-4958","0972-4958 2321-662X","hybrid","3"
"Unknown / no publisher","International Journal of Humanities and Social Science","2220-8488","2220-8488 2221-0989","hybrid","3"
"Unknown / no publisher","Education Quarterly Reviews","2621-5799","2621-5799 2657-215X","hybrid","3"
"Unknown / no publisher","Journal of English and Education","1978-371X","1978-371X 2830-0947","hybrid","3"
"Unknown / no publisher","IAHS Medical Journal","2709-5037","2709-5037","hybrid","3"
"Sociedade Brasileira de Medicina do Esporte","Revista Brasileira de Medicina do Esporte","1517-8692","1517-8692 1806-9940","hybrid","3"
"Unknown / no publisher","Khulna University Studies","1563-0897","1563-0897 2789-2697","hybrid","3"
"Lippincott Williams & Wilkins","Plastic & Reconstructive Surgery","0032-1052","0032-1052 1076-5751 1529-4242","hybrid","3"
"Unknown / no publisher","Journal of Dermatology Research","3050-8460","3050-8460","hybrid","3"
"Unknown / no publisher","Open Access Government","2516-3817","2516-3817","hybrid","3"
"Unknown / no publisher","Journal of Information and Knowledge Management","2231-8836","2231-8836 2289-5337","hybrid","3"
"Lippincott Williams & Wilkins","Circulation","0009-7322","0009-7322 1524-4539","hybrid","3"
"Cellular and Molecular Biology Association","Cellular and Molecular Biology","0145-5680","0145-5680 1165-158X","hybrid","3"
"Portland Press","Biochemical Journal","0264-6021","0264-6021 1470-8728","hybrid","3"
"De Gruyter","Clinical Chemistry and Laboratory Medicine (CCLM)","1434-6621","1434-6621 1437-4331","hybrid","3"
"International Information and Engineering Technology Association","Journal Européen des Systèmes Automatisés","1269-6935","1269-6935 2116-7087","hybrid","3"
"Unknown / no publisher","Tropical Plants","2833-9851","2833-9851","hybrid","3"
"Unknown / no publisher","International Journal of Nursing and Health Care Research","2688-9501","2688-9501","hybrid","3"
"Unknown / no publisher","International Journal of Science and Research Archive","2582-8185","2582-8185","hybrid","3"
"Unknown / no publisher","African Educational Research Journal","2354-2160","2354-2160","hybrid","3"
"Unknown / no publisher","The Educational Review USA","2575-7938","2575-7938 2575-7946","hybrid","3"
"Unknown / no publisher","Information and Knowledge Management","2523-5893","2523-5893","hybrid","3"
"Riga Technical University","CONECT International Scientific Conference of Environmental and Climate Technologies","2592-9704","2592-9704","hybrid","3"
"International Information and Engineering Technology Association","International Journal of Safety and Security Engineering","2041-9031","2041-9031 2041-904X","hybrid","3"
"International Information and Engineering Technology Association","International Journal of Heat and Technology","0392-8764","0392-8764","hybrid","3"
"American Institute of Physics","AIP conference proceedings","0094-243X","0094-243X 1551-7616 1935-0465","hybrid","3"
"Unknown / no publisher","International Journal of Machine Learning","2972-368X","2972-368X","hybrid","3"
"Unknown / no publisher","Regular and Young Investigator Award Abstracts","","","hybrid","3"
"Unknown / no publisher","Asian Conference on Media & Mass Communication official conference proceedings","2186-5906","2186-5906","hybrid","3"
"Unknown / no publisher","Applied Environmental Biotechnology","2382-6436","2382-6436 2424-9092","hybrid","3"
"Unknown / no publisher","Rai-ngan Kanfaorawang Rok Pracham duan.","0125-7447","0125-7447","hybrid","3"
"Bentham Science Publishers","Current Diabetes Reviews","1573-3998","1573-3998 1875-6417","hybrid","3"
"Unknown / no publisher","Journal of Advanced Research in Numerical Heat Transfer","2735-0142","2735-0142","hybrid","3"
"Unknown / no publisher","Plant Breeding and Biotechnology","2287-9358","2287-9358 2287-9366","hybrid","3"
"Unknown / no publisher","Narra X","2988-2990","2988-2990","hybrid","3"
"Build Bright University, Siem Reap","Journal of Current Research in Blockchain.","3048-1430","3048-1430","hybrid","3"
"International Information and Engineering Technology Association","Revue d intelligence artificielle","0992-499X","0992-499X 1958-5748","hybrid","3"
"American Institute of Physics","Physics of Plasmas","1070-664X","1070-664X 1089-7674 1527-2419","hybrid","3"
"Unknown / no publisher","International Review of Automatic Control (IREACO)","1974-6059","1974-6059 1974-6067 2533-2260","hybrid","3"
"Unknown / no publisher","Indus journal of bioscience research.","2960-2793","2960-2793 2960-2807","hybrid","3"
"Unknown / no publisher","Journal of higher education teaching.","3005-5776","3005-5776","hybrid","3"
"Unknown / no publisher","Journal of Education and Training","2330-9709","2330-9709","hybrid","3"
"Unknown / no publisher","Iranian Journal of Mathematical Sciences and Informatics","2382-9885","2382-9885","hybrid","3"
"Elsevier BV","Elsevier eBooks","","","hybrid","3"
"Unknown / no publisher","The Proceedings of the International Conference on Research in Management.","3030-1114","3030-1114","hybrid","3"
"Unknown / no publisher","NAJUA History of Architecture and Thai Architecture","1686-1841","1686-1841 2697-3901","hybrid","3"
"Unknown / no publisher","The Asian Educational Therapist","2972-4104","2972-4104","hybrid","3"
"Springer Nature","Asia in transition","2364-8252","2364-8252 2364-8260","hybrid","3"
"Musée du quai Branly","Gradhiva","0764-8928","0764-8928 1760-849X","hybrid","3"
"Unknown / no publisher","International Theory and Practice in Humanities and Social Sciences","3078-4387","3078-4387 3079-4579","hybrid","3"
"Unknown / no publisher","Southeastern Philippines Journal of Research and Development","2718-9201","2718-9201","hybrid","3"
"Unknown / no publisher","PERFECT EDUCATION FAIRY","3024-8183","3024-8183","hybrid","3"
"Unknown / no publisher","ACADEMIA International Journal for Social Sciences","3006-6638","3006-6638","hybrid","3"
"Cambridge University Press","Research Directions One Health","2752-9460","2752-9460","hybrid","3"
"Unknown / no publisher","วารสารการอ่าน","0857-0493","0857-0493 3056-9133","hybrid","3"
"Unknown / no publisher","Annals of Applied Sport Science","2307-2512","2307-2512","hybrid","3"
"Unknown / no publisher","Journal of Frontier in Economic and Management Research","3079-465X","3079-465X 3107-2127","hybrid","3"
"Unknown / no publisher","Journal of Interdisciplinary Research in Allied Health and Pharmacy","3106-020X","3106-020X 3106-0218","hybrid","3"
"Unknown / no publisher","International Journal of Deep Tech in Medical Science and Technology","3088-2370","3088-2370","hybrid","3"
"Lippincott Williams & Wilkins","Journal of Occupational and Environmental Medicine","1076-2752","1076-2752 1536-5948","hybrid","2"
"International Research Publication House","International Journal of Engineering Research and","2278-0181","2278-0181","hybrid","2"
"Lippincott Williams & Wilkins","Spine","0362-2436","0362-2436 1528-1159","hybrid","2"
"Mycotaxon Publications","Mycotaxon","0093-4666","0093-4666 2154-8889","hybrid","2"
"Universitas Muhammadiyah Sidoarjo","JBMP (Jurnal Bisnis Manajemen dan Perbankan)","2338-4409","2338-4409 2528-4649","hybrid","2"
"Unknown / no publisher","International Journal of Culture and Art Studies","2654-3591","2654-3591","hybrid","2"
"Unknown / no publisher","Integrated Science Education Journal","2716-1609","2716-1609 2716-3725","hybrid","2"
"Springer Nature","Advances in 21st century human settlements","2198-2546","2198-2546 2198-2554","hybrid","2"
"Microbiology Society","INTERNATIONAL JOURNAL OF SYSTEMATIC AND EVOLUTIONARY MICROBIOLOGY","1466-5026","1466-5026 1466-5034","hybrid","2"
"Elsevier BV","Biology of Blood and Marrow Transplantation","1083-8791","1083-8791 1523-6536","hybrid","2"
"Unknown / no publisher","Environmental Management and Sustainable Development","2164-7682","2164-7682","hybrid","2"
"Unknown / no publisher","AL-WARDAH","1907-2740","1907-2740 2613-9367","hybrid","2"
"Unknown / no publisher","Journal of Periodontal & Implant Science","2093-2278","2093-2278 2093-2286","hybrid","2"
"Bilingual Publishing","Journal of environment and earth science","2224-3216","2224-3216","hybrid","2"
"Unknown / no publisher","Definitions","","","hybrid","2"
"Unknown / no publisher","Proceedings of the International Conference on Community Development (ICCD 2020)","","","hybrid","2"
"Medknow","World Social Psychiatry","2667-1077","2667-1077 2667-1085","hybrid","2"
"Lippincott Williams & Wilkins","Anesthesia & Analgesia","0003-2999","0003-2999 1526-7598","hybrid","2"
"American Society for Microbiology","Applied and Environmental Microbiology","0099-2240","0099-2240 1070-6291 1098-5336","hybrid","2"
"Association for Computing Machinery","ACM Transactions on Knowledge Discovery from Data","1556-4681","1556-4681 1556-472X","hybrid","2"
"American Institute of Physics","Applied Physics Letters","0003-6951","0003-6951 1077-3118 1520-8842","hybrid","2"
"Mark Allen Group","International Journal of Palliative Nursing","1357-6321","1357-6321 2052-286X","hybrid","2"
"Medknow","Tropical parasitology","2229-5070","2229-5070 2229-7758","hybrid","2"
"The Korean Society for Bone and Mineral Research","Journal of Bone Metabolism","2287-6375","2287-6375 2287-7029","hybrid","2"
"Dipika Charan of MedScience (India) publications","International Journal of Medical Science and Public Health","2277-338X","2277-338X 2320-4664","hybrid","2"
"Universitas Pendidikan Indonesia Press","ASEAN Journal of Science and Engineering Education","2775-6793","2775-6793 2775-6815","hybrid","2"
"Unknown / no publisher","International Journal of Clinical Preventive Dentistry","1738-8546","1738-8546 2287-6197","hybrid","2"
"Institute of Medico-legal Publications Private Limited","Medico-Legal Update","0971-720X","0971-720X 0974-1283","hybrid","2"
"Unknown / no publisher","Jurnal Bahasa Inggris Terapan","2477-3352","2477-3352 2721-2890","hybrid","2"
"Inderscience Publishers","International Journal of Embedded Systems","1741-1068","1741-1068 1741-1076","hybrid","2"
"Unknown / no publisher","Journal of Medical Case Reports and Case Series","2692-9880","2692-9880","hybrid","2"
"Medknow","AYU (An International Quarterly Journal of Research in Ayurveda)","0974-8520","0974-8520 0976-9382","hybrid","2"
"Unknown / no publisher","IAFOR International Conference on Education, official conference proceedings","2189-1036","2189-1036","hybrid","2"
"Unknown / no publisher","Journal of Comparative & International Higher Education","2151-0393","2151-0393 2151-0407","hybrid","2"
"IntechOpen","Dentistry","2631-6218","2631-6218","hybrid","2"
"Unknown / no publisher","INTERNATIONAL JOURNAL OF ADVANCED INFORMATION AND COMMUNICATION TECHNOLOGY","2348-9928","2348-9928 2349-6339","hybrid","2"
"Unknown / no publisher","Asia Pacific journal of social and behavioral sciences (BSU) (Online)","2599-4891","2599-4891","hybrid","2"
"University of Northern Philippines","The Vector.","2945-4093","2945-4093","hybrid","2"
"Unknown / no publisher","ADVANCES IN BUSINESS RESEARCH INTERNATIONAL JOURNAL","2462-1455","2462-1455 2462-1838","hybrid","2"
"Unknown / no publisher","Philippine Journal of Health Research and Development","2704-3517","2704-3517 2783-042X","hybrid","2"
"American Society for Microbiology","Journal of Clinical Microbiology","0095-1137","0095-1137 1070-633X 1098-660X","hybrid","2"
"BMJ","Regional Anesthesia & Pain Medicine","1098-7339","1098-7339 1532-8651","hybrid","2"
"Springer Nature","Applied environmental science and engineering for a sustainable future","2570-2165","2570-2165 2570-2173","hybrid","2"
"University of South Bohemia in České Budějovice","Caritas et Veritas","1805-0948","1805-0948","hybrid","2"
"De Gruyter","Journal of Perinatal Medicine","0300-5577","0300-5577 1619-3997","hybrid","2"
"Korean Society for Horticultural Science","Horticultural Science and Technology","1226-8763","1226-8763 2465-8588","hybrid","2"
"Unknown / no publisher","Journal of Biomedicine and Biochemistry","2958-0528","2958-0528 3006-0532","hybrid","2"
"Lavoisier publishing","Ingénierie des systèmes d information","1633-1311","1633-1311 2116-7125","hybrid","2"
"Unknown / no publisher","Proceedings of the ... Annual Hawaii International Conference on System Sciences/Proceedings of the Annual Hawaii International Conference on System Sciences","1530-1605","1530-1605 2572-6862","hybrid","2"
"Unknown / no publisher","Universal Journal of Financial Economics","2972-3310","2972-3310","hybrid","2"
"Unknown / no publisher","Findings of the Association for Computational Linguistics: ACL 2022","","","hybrid","2"
"Unknown / no publisher","Central Asian Economic Review","2789-4398","2789-4398 2789-4401","hybrid","2"
"Lippincott Williams & Wilkins","Sexually Transmitted Diseases","0148-5717","0148-5717 1537-4521","hybrid","2"
"Lippincott Williams & Wilkins","Techniques in Orthopaedics","0885-9698","0885-9698 2333-0600","hybrid","2"
"Unknown / no publisher","Journal of Meat Science","0975-5209","0975-5209 2581-6616","hybrid","2"
"Unknown / no publisher","Clinical and Investigative Orthodontics","2770-5781","2770-5781 2770-579X","hybrid","2"
"Unknown / no publisher","One Health Journal of Nepal","2822-1761","2822-1761 2822-177X","hybrid","2"
"Springer Nature","Lecture notes in civil engineering","2366-2557","2366-2557 2366-2565","hybrid","2"
"Unknown / no publisher","Advances in energy research and development","2773-0476","2773-0476 2773-0484","hybrid","2"
"Unknown / no publisher","Advanced Materials Science and Technology","2717-526X","2717-526X","hybrid","2"
"Unknown / no publisher","KREATIF Jurnal Pengabdian Masyarakat Nusantara","2962-3839","2962-3839 2962-4436","hybrid","2"
"Unknown / no publisher","Discoveries in Agriculture and Food Sciences","2756-2700","2756-2700","hybrid","2"
"Unknown / no publisher","Journal of Intelligent Management Decision","2958-0072","2958-0072 2958-0080","hybrid","2"
"Ingenta","Fungal Systematics and Evolution","2589-3823","2589-3823 2589-3831","hybrid","2"
"SAGE Publishing","Cephalalgia","0333-1024","0333-1024 1468-2982","hybrid","2"
"Unknown / no publisher","Education Science and Management","2959-6300","2959-6300 2959-6319","hybrid","2"
"Lippincott Williams & Wilkins","European Journal of Anaesthesiology","0265-0215","0265-0215 1365-2346","hybrid","2"
"Unknown / no publisher","International Journal of Empirical Research Methods","2995-6110","2995-6110","hybrid","2"
"Unknown / no publisher","CABI eBooks","","","hybrid","2"
"Unknown / no publisher","ABAC Journal","2730-3543","2730-3543","hybrid","2"
"Unknown / no publisher","Experimental Oncology","1812-9269","1812-9269 2312-8852","hybrid","2"
"Unknown / no publisher","Theoretical and Practical Research in Economic Fields","2068-7710","2068-7710","hybrid","2"
"Unknown / no publisher","Physiology and Pharmacology","1735-0581","1735-0581","hybrid","2"
"Unknown / no publisher","East Asian Journal of Multidisciplinary Research","2828-1519","2828-1519","hybrid","2"
"Inderscience Publishers","International Journal of Business Excellence","1756-0047","1756-0047 1756-0055","hybrid","2"
"Unknown / no publisher","Information Systems and Economics","2523-6407","2523-6407","hybrid","2"
"Medknow","International Journal of Trichology","0974-7753","0974-7753 0974-9241","hybrid","2"
"Lippincott Williams & Wilkins","AIDS","0269-9370","0269-9370 1473-5571","hybrid","2"
"Unknown / no publisher","International Journal of Radiation Research","1605-0258","1605-0258","hybrid","2"
"Unknown / no publisher","Recent Educational Research","2996-2366","2996-2366","hybrid","2"
"Unknown / no publisher","Journal of intelligence and knowledge engineering.","2959-0620","2959-0620","hybrid","2"
"Unknown / no publisher","Atlantis Highlights in Intelligent Systems/Atlantis highlights in intelligent systems","2589-4919","2589-4919 2731-7935","hybrid","2"
"Unknown / no publisher","Transactions on Networks and Communications","2054-7420","2054-7420","hybrid","2"
"Unknown / no publisher","British journal of healthcare and medical research","2753-7919","2753-7919","hybrid","2"
"Science and Engineering Research Support Society","Russian Law Journal","2313-7851","2313-7851","hybrid","2"
"Unknown / no publisher","Asian Conference on Asian Studies conference proceedings","2187-4735","2187-4735","hybrid","2"
"Unknown / no publisher","Naresuan Phayao Journal","2697-4401","2697-4401","hybrid","2"
"Unknown / no publisher","Accounting Auditing and Finance","2616-3136","2616-3136","hybrid","2"
"Atlantis Press","Advances in intelligent systems research/Advances in Intelligent Systems Research","1951-6851","1951-6851 2731-7870","hybrid","2"
"Unknown / no publisher","International Journal of Medical Science and Clinical Research Studies","2767-8326","2767-8326 2767-8342","hybrid","2"
"Unknown / no publisher","European Conference on Education official conference proceedings","2188-1162","2188-1162","hybrid","2"
"Unknown / no publisher","Journal of Business Leadership and Management","2995-620X","2995-620X","hybrid","2"
"Transcript Verlag","transcript Verlag eBooks","","","hybrid","2"
"Frontiers Media","Frontiers research topics","1664-8714","1664-8714","hybrid","2"
"Association for Computing Machinery","ACM Transactions on Asian and Low-Resource Language Information Processing","2375-4699","2375-4699 2375-4702","hybrid","2"
"Unknown / no publisher","国际化教育科学与理论","2811-0137","2811-0137","hybrid","2"
"Medknow","Journal of Dr. YSR University of Health Sciences.","2950-5348","2950-5348 2950-5356","hybrid","2"
"Unknown / no publisher","Journal of Computer Science and Research (JoCoSiR)","2986-2337","2986-2337","hybrid","2"
"Unknown / no publisher","Electronic Journal of Business and Management","2550-1380","2550-1380","hybrid","2"
"Inderscience Publishers","International Journal of Economics and Business Research","1756-9850","1756-9850 1756-9869","hybrid","2"
"Lippincott Williams & Wilkins","Therapeutic Drug Monitoring","0163-4356","0163-4356 1536-3694","hybrid","2"
"Publishing house ""Virtus Interpress""","Corporate Board role duties and composition","1810-8601","1810-8601 2312-2722","hybrid","2"
"Bentham Science Publishers","MicroRNA","2211-5366","2211-5366 2211-5374","hybrid","2"
"Unknown / no publisher","European Journal of Arts Humanities and Social Sciences","3041-1262","3041-1262","hybrid","2"
"Unknown / no publisher","Journal of Social Innovation and Knowledge","2950-2683","2950-2683","hybrid","2"
"Unknown / no publisher","Journal of Insects as Food and Feed","2352-4588","2352-4588","hybrid","2"
"Unknown / no publisher","Southeast Asia Early Childhood Journal","2289-3156","2289-3156 2550-1763","hybrid","2"
"Unknown / no publisher","Journal of Machine and Computing","2788-7669","2788-7669 2789-1801","hybrid","2"
"Unknown / no publisher","Journal of Advanced Research in Micro and Nano Engieering","2756-8210","2756-8210","hybrid","2"
"Oxford University Press","European Heart Journal Supplements","1520-765X","1520-765X 1554-2815","hybrid","2"
"Unknown / no publisher","Journal of Wound Research and Technology.","3048-0043","3048-0043","hybrid","2"
"Unknown / no publisher","Engineering headway","2813-8333","2813-8333","hybrid","2"
"Unknown / no publisher","Science of Law Journal","2616-2296","2616-2296","hybrid","2"
"Medknow","Asian journal of pediatric dermatology.","2950-3515","2950-3515 2950-3523","hybrid","2"
"Unknown / no publisher","Sociology and Law","2219-6242","2219-6242 2219-6250","hybrid","2"
"Unknown / no publisher","Advances in Tropical Biodiversity and Environmental Sciences","2549-6980","2549-6980 2622-0628","hybrid","2"
"CNRS Éditions","CNRS Éditions eBooks","","","hybrid","2"
"Unknown / no publisher","Journal of economics and law.","3005-5768","3005-5768","hybrid","2"
"Unknown / no publisher","Tafhim Al- Ilmi","2252-4924","2252-4924 2579-7182","hybrid","2"
"Unknown / no publisher","The Proceedings of the International Academic Conference on Education, Teaching and Learning.","3030-1270","3030-1270","hybrid","2"
"Atlantis Press","Advances in engineering research/Advances in Engineering Research","2352-5401","2352-5401 2731-8079","hybrid","2"
"Unknown / no publisher","Environmental Journal","2586-9248","2586-9248","hybrid","2"
"Unknown / no publisher","Innovative Research in Applied Biological and Chemical Sciences","3005-8449","3005-8449","hybrid","2"
"Unknown / no publisher","Proceedings of the International Music and Performing Arts Conference","2773-5745","2773-5745","hybrid","2"
"Unknown / no publisher","Journal of Artificial Intelligence General science (JAIGS) ISSN 3006-4023","3006-4023","3006-4023","hybrid","2"
"Unknown / no publisher","Applied and Computational Engineering","2755-2721","2755-2721 2755-273X","hybrid","2"
"Unknown / no publisher","European Journal of Statistics","2806-0954","2806-0954","hybrid","2"
"Unknown / no publisher","Business and Social Sciences Conference Proceedings","3079-4773","3079-4773 3079-4781","hybrid","2"
"Unknown / no publisher","Universal Education Journal of Teaching and Learning","3047-8235","3047-8235","hybrid","2"
"Unknown / no publisher","Computer-Assisted Language Learning Electronic Journal","2187-9036","2187-9036","hybrid","2"
"Unknown / no publisher","Kashf Journal of Multidisciplinary Research","3007-1992","3007-1992 3007-200X","hybrid","2"
"Unknown / no publisher","International Journal Research on Metaverse.","3062-6927","3062-6927","hybrid","2"
"Unknown / no publisher","Financial economics research.","3006-3655","3006-3655 3006-3663","hybrid","2"
"Medknow","Indian Journal of Occupational and Environmental Medicine","0973-2284","0973-2284 1998-3670","hybrid","2"
"World Scientific","International Journal of High Speed Electronics and Systems","0129-1564","0129-1564 1793-6438","hybrid","2"
"Unknown / no publisher","International Journal of Artificial Intelligence Data Science and Machine Learning","3050-9254","3050-9254 3050-9262","hybrid","2"
"Unknown / no publisher","Sage Open Pediatrics","3050-2225","3050-2225","hybrid","2"
"Unknown / no publisher","PLANNING MALAYSIA","0128-0945","0128-0945 1675-6215","hybrid","2"
"Springer International Publishing","Design research foundations","2366-4622","2366-4622 2366-4630","hybrid","2"
"Unknown / no publisher","The Proceedings of the International Conference on Applied Research in Management, Economics and Accounting.","3030-0673","3030-0673","hybrid","2"
"Unknown / no publisher","Critical humanistic social theory.","3005-9283","3005-9283 3005-9291","hybrid","2"
"Unknown / no publisher","Chinese Studies Monthly","2759-8934","2759-8934 2760-3296","hybrid","2"
"Unknown / no publisher","Education and Social Work","3079-515X","3079-515X 3079-5168","hybrid","2"
"Unknown / no publisher","Journal of Environmental Law & Policy","2564-016X","2564-016X","hybrid","2"
"Unknown / no publisher","Medicine Bulletin","3065-2723","3065-2723 3065-2731","hybrid","2"
"Unknown / no publisher","Scientific journal of economics and management research.","2688-9323","2688-9323","hybrid","2"
"John Benjamins Publishing Company","Target International Journal of Translation Studies","0924-1884","0924-1884 1569-9986","hybrid","2"
"Unknown / no publisher","The Proceedings of the International Conference on Opportunities and Challenges in Management, Economics and Accounting.","3030-0460","3030-0460","hybrid","2"
"Unknown / no publisher","วารสารห้องสมุด สมาคมห้องสมุดแห่งประเทศไทยฯ","0857-0086","0857-0086 2730-4086","hybrid","2"
"Unknown / no publisher","Human Resources Management and Services","2661-4308","2661-4308","hybrid","2"
"Unknown / no publisher","APCORE Online Journal","3116-2436","3116-2436","hybrid","2"
"Unknown / no publisher","Journal of Rapti Academy of Health Sciences","3059-9156","3059-9156 3059-9164","hybrid","2"
"Unknown / no publisher","The Barcelona Conference on Arts, Media & Culture official conference proceedings","2435-9475","2435-9475","hybrid","2"
"Unknown / no publisher","Open MIND","","","gold","2"
"Unknown / no publisher","Journal of Transportation System and Engineering","3059-9865","3059-9865 3059-9873","hybrid","2"
"Unknown / no publisher","Pakistan Journal of Science","0030-9877","0030-9877 2411-0930","hybrid","2"
"Unknown / no publisher","ITSI Transactions on Electrical and Electronics Engineering","2320-8945","2320-8945","hybrid","2"
"Portland Press","Biochemical Society Transactions","0300-5127","0300-5127 1470-8752","hybrid","1"
"Bentham Science Publishers","Current Neuropharmacology","1570-159X","1570-159X 1875-6190","hybrid","1"
"IWA Publishing","Water Science & Technology Water Supply","1606-9749","1606-9749 1607-0798","hybrid","1"
"BMJ","Archives of Disease in Childhood Fetal & Neonatal","1359-2998","1359-2998 1468-2052","hybrid","1"
"Springer Science+Business Media","BMC Chemical Engineering","2524-4175","2524-4175","hybrid","1"
"American Psychological Association","Psychology of Religion and Spirituality","1941-1022","1941-1022 1943-1562","gold","1"
"Unknown / no publisher","Journal of Gerontology and Geriatrics","2499-6564","2499-6564","hybrid","1"
"IGI Global","Journal of Global Information Management","1062-7375","1062-7375 1533-7995","hybrid","1"
"Lippincott Williams & Wilkins","Female Pelvic Medicine & Reconstructive Surgery","2151-8378","2151-8378 2154-4212","hybrid","1"
"Georg Thieme Verlag","Planta Medica International Open","2509-6656","2509-6656 2509-9264","hybrid","1"
"Bentham Science Publishers","Current Clinical Pharmacology","1574-8847","1574-8847 2212-3938","hybrid","1"
"Unknown / no publisher","International Journal of Pharmaceutical Investigation","2230-9713","2230-9713 2230-973X","hybrid","1"
"Unknown / no publisher","Proceedings INNODOCT/20. International Conference on Innovation, Documentation and Education","","","hybrid","1"
"Muhammadiyah University of Jakarta","English Language in Focus (ELIF)","2622-3597","2622-3597","hybrid","1"
"Unknown / no publisher","Journal of Health Care and Research","2582-8967","2582-8967","hybrid","1"
"De Gruyter","International Journal of Adolescent Medicine and Health","0334-0139","0334-0139 2191-0278","hybrid","1"
"Rosenstiel School of Marine and Atmospheric Science","Bulletin of Marine Science","0007-4977","0007-4977 1553-6955","hybrid","1"
"Wrocław University of Science and Technology","Optica Applicata","0078-5466","0078-5466 1899-7015","hybrid","1"
"Institute of Electrical and Electronics Engineers","IEEE Transactions on Cognitive and Developmental Systems","2379-8920","2379-8920 2379-8939","hybrid","1"
"Unknown / no publisher","International journal of infection control","1816-6296","1816-6296 1996-9783","hybrid","1"
"Unknown / no publisher","ELLITE Journal of English Language Literature and Teaching","2528-0066","2528-0066","hybrid","1"
"De Gruyter","Journal of Polymer Engineering","0334-6447","0334-6447 2191-0340","hybrid","1"
"IWA Publishing","Journal of Water and Climate Change","2040-2244","2040-2244 2408-9354","hybrid","1"
"Unknown / no publisher","Business and Economic Research","2162-4860","2162-4860","hybrid","1"
"Firenze University Press","Proceedings e report","2704-5846","2704-5846 2704-601X","hybrid","1"
"Unknown / no publisher","Habitus Jurnal Pendidikan Sosiologi & Antropologi","2597-9264","2597-9264","hybrid","1"
"Unknown / no publisher","Journal of Sociological Research","1948-5468","1948-5468","hybrid","1"
"De Gruyter Open","Zagreb international review of economics and business/Zagreb international review of economics & business","1331-5609","1331-5609 1849-1162","hybrid","1"
"IntechOpen","Biochemistry","2632-0983","2632-0983","hybrid","1"
"UWA Publishing","Journal of Water and Health","1477-8920","1477-8920 1996-7829","hybrid","1"
"Exeley Inc","Immunohematology","0894-203X","0894-203X 1930-3955","hybrid","1"
"Unknown / no publisher","Virginia Tech Publishing eBooks","","","hybrid","1"
"Unknown / no publisher","Journal of East Asia and International Law","1976-9229","1976-9229 2287-9218","hybrid","1"
"Unknown / no publisher","New Trends and Issues Proceedings on Humanities and Social Sciences","2547-8818","2547-8818","hybrid","1"
"Springer Nature","Education in the Asia-Pacific region","1573-5397","1573-5397 2214-9791","hybrid","1"
"Unknown / no publisher","Journal of Virology Research & Reports","2755-0125","2755-0125","hybrid","1"
"MedCrave Group","MOJ Clinical & Medical Case Reports","2381-179X","2381-179X","hybrid","1"
"Thieme Medical Publishers (Germany)","European Dental Research and Biomaterials Journal","2791-7452","2791-7452","hybrid","1"
"Unknown / no publisher","RISTEK Jurnal Riset Inovasi dan Teknologi Kabupaten Batang","2541-6561","2541-6561 2549-6948","hybrid","1"
"Unknown / no publisher","Advanced medical journal","2957-3580","2957-3580 2958-8979","hybrid","1"
"Royal Society of Queensland","Proceedings of the Royal Society of Queensland","0080-469X","0080-469X 1839-2547","hybrid","1"
"A & V Publications","Research Journal of Humanities and Social Sciences","0975-6795","0975-6795 2321-5828","hybrid","1"
"FSBI Research Institute of Occupational Health RAMS","Russian Journal of Occupational Health and Industrial Ecology","1026-9428","1026-9428 2618-8945","hybrid","1"
"Unknown / no publisher","International journal of bone marrow research.","2994-2594","2994-2594","hybrid","1"
"Unknown / no publisher","International Journal of Business and Applied Social Science","2469-6501","2469-6501","hybrid","1"
"Unknown / no publisher","Global Journal of Obesity Diabetes and Metabolic Syndrome","2455-8583","2455-8583","hybrid","1"
"Unknown / no publisher","Melbourne Asia Review","2652-550X","2652-550X","hybrid","1"
"Unknown / no publisher","PROCEEDINGS","1859-3453","1859-3453","hybrid","1"
"Unknown / no publisher","TAMANSISWA INTERNATIONAL JOURNAL IN EDUCATION AND SCIENCE","2715-1808","2715-1808","hybrid","1"
"Unknown / no publisher","Journal of energy technologies and policy","2224-3232","2224-3232 2225-0573","hybrid","1"
"Unknown / no publisher","Pakistan Postgraduate Medical Journal","2710-1924","2710-1924","hybrid","1"
"Unknown / no publisher","Journal of Transplant Surgery","2689-873X","2689-873X","hybrid","1"
"Southern Federal University","Practices & Interpretations A Journal of Philology Teaching and Cultural Studies","2415-8852","2415-8852","hybrid","1"
"Unknown / no publisher","Cross-cultural human rights review","2666-366X","2666-366X 2666-3678","hybrid","1"
"Unknown / no publisher","Journal of Management Practices Humanities and Social Sciences","2604-6423","2604-6423","hybrid","1"
"Unknown / no publisher","Ediciones de Periodismo y Comunicación (EPC) eBooks","","","hybrid","1"
"Unknown / no publisher","International journal of accounting, finance and education/International Journal of accounting, finance and education","2719-0595","2719-0595 2719-0609","hybrid","1"
"Unknown / no publisher","Proceedings of the International Conference on Computer-Aided Architectural Design Research in Asia","2710-4257","2710-4257 2710-4265","hybrid","1"
"SAGE Publishing","Experimental Biology and Medicine","1535-3699","1535-3699 1535-3702","hybrid","1"
"Korean Society of Circulation","Korean Circulation Journal","1738-5520","1738-5520 1738-5555","hybrid","1"
"American Society of Civil Engineers","Journal of Construction Engineering and Management","0733-9364","0733-9364 1943-7862","hybrid","1"
"SPIE","Journal of Medical Imaging","2329-4302","2329-4302 2329-4310","hybrid","1"
"Future Medicine","Regenerative Medicine","1746-0751","1746-0751 1746-076X","hybrid","1"
"Society of Exploration Geophysicists","Geophysics","0016-8033","0016-8033 1942-2156","hybrid","1"
"Korean Society of Nursing Science","Journal of Korean Academy of Nursing","2005-3673","2005-3673 2093-758X","hybrid","1"
"National Herbarium of the Netherlands","Persoonia - Molecular Phylogeny and Evolution of Fungi","0031-5850","0031-5850 1878-9080","hybrid","1"
"Lippincott Williams & Wilkins","Cornea","0277-3740","0277-3740 1536-4798","hybrid","1"
"Unknown / no publisher","Journal Of Advanced Pharmacy Education And Research","2249-3379","2249-3379","hybrid","1"
"Wiley","Advanced Ceramic Materials","0883-5551","0883-5551","hybrid","1"
"Lippincott Williams & Wilkins","Shock","1073-2322","1073-2322 1540-0514","hybrid","1"
"Unknown / no publisher","JEE (Journal of English Education)","2597-7091","2597-7091","hybrid","1"
"Karger Publishers","Dermatology","1018-8665","1018-8665 1421-9832","hybrid","1"
"Lippincott Williams & Wilkins","Journal of Craniofacial Surgery","1049-2275","1049-2275 1536-3732","hybrid","1"
"Society of Laparoendoscopic Surgeons","JSLS Journal of the Society of Laparoscopic & Robotic Surgeons","1086-8089","1086-8089 1938-3797","hybrid","1"
"Karger Publishers","International Archives of Allergy and Immunology","1018-2438","1018-2438 1423-0097","hybrid","1"
"Microbiology Society","Journal of General Virology","0022-1317","0022-1317 1465-2099","hybrid","1"
"Lippincott Williams & Wilkins","Dermatologic Surgery","1076-0512","1076-0512 1524-4725","hybrid","1"
"IGI Global","International Journal of Applied Metaheuristic Computing","1947-8283","1947-8283 1947-8291","hybrid","1"
"IGI Global","International Journal of Information Systems and Supply Chain Management","1935-5726","1935-5726 1935-5734","hybrid","1"
"Medknow","Indian Journal of Cancer","0019-509X","0019-509X 1998-4774","hybrid","1"
"IntechOpen","Artificial intelligence","2633-1403","2633-1403","hybrid","1"
"Taylor & Francis","Memory","0965-8211","0965-8211 1464-0686","gold","1"
"Unknown / no publisher","The Natural Products Journal","2210-3155","2210-3155 2210-3163","hybrid","1"
"Springer Nature","Gynecological Surgery","1613-2076","1613-2076 1613-2084","hybrid","1"
"Unknown / no publisher","Israeli Journal of Aquaculture - Bamidgeh","3067-0152","3067-0152","hybrid","1"
"De Gruyter","International Journal of the Sociology of Language","0165-2516","0165-2516 1613-3668","hybrid","1"
"Lippincott Williams & Wilkins","American Journal of Dermatopathology","0193-1091","0193-1091 1533-0311","hybrid","1"
"Unknown / no publisher","Tourism in Marine Environments","1544-273X","1544-273X 2169-0197","hybrid","1"
"University of Pennsylvania Press","Journal of the Early Republic","0275-1275","0275-1275 1553-0620","hybrid","1"
"Unknown / no publisher","Archivos de cardiolog�a de M�xico (English ed Internet)","2604-7063","2604-7063","hybrid","1"
"American Psychological Association","Behavioral Neuroscience","0735-7044","0735-7044 1939-0084","hybrid","1"
"Inderscience Publishers","International Journal of Data Mining and Bioinformatics","1748-5673","1748-5673 1748-5681","hybrid","1"
"UWA Publishing","Water Quality Research Journal","1201-3080","1201-3080 2408-9443","hybrid","1"
"Unknown / no publisher","American Journal of Traditional Chinese Veterinary Medicine","1945-7677","1945-7677 1945-7693","hybrid","1"
"Unknown / no publisher","Quing International Journal of Commerce and Management","2582-9653","2582-9653","hybrid","1"
"Springer Science+Business Media","International journal of cardiac imaging","0167-9899","0167-9899 1573-0743","hybrid","1"
"Unknown / no publisher","International Journal of Mechanical Engineering and Robotics Research","2278-0149","2278-0149","hybrid","1"
"IGI Global","International Journal of Business Analytics","2334-4547","2334-4547 2334-4555","hybrid","1"
"De Gruyter Open","British Journal of American Legal Studies","2049-4092","2049-4092 2719-5864","hybrid","1"
"Unknown / no publisher","Indonesian Scholars Scientific Summit Taiwan Proceeding","2797-2437","2797-2437","hybrid","1"
"Unknown / no publisher","Indonesian Association of Geologists Journal","2776-0111","2776-0111","hybrid","1"
"Centre d'études et de documentation économiques, juridiques et sociales","Égypte/Monde arabe","1110-5097","1110-5097 2090-7273","hybrid","1"
"Unknown / no publisher","Journal of Physical Medicine & Rehabilitation Studies","2767-4584","2767-4584","hybrid","1"
"Unknown / no publisher","Hungarian Assyriological Review","2732-2610","2732-2610","hybrid","1"
"AME Publishing Company","Precision Cancer Medicine","2617-2216","2617-2216","hybrid","1"
"Amsterdam University Press","Amsterdam University Press eBooks","","","hybrid","1"
"Duta Wacana Christian University","SMART Seminar on Architecture Research and Technology","2548-6071","2548-6071","hybrid","1"
"Malaysian Society of Parasitology and Tropical Medicine","Tropical biomedicine","0127-5720","0127-5720 2521-9855","hybrid","1"
"Unknown / no publisher","International Journal of Sexual and Reproductive Health Care","2690-0815","2690-0815","hybrid","1"
"Humana Press","Nanobiotechnology","1551-1286","1551-1286 1551-1294","hybrid","1"
"Unknown / no publisher","European Journal of Mathematics and Statistics","2736-5484","2736-5484","hybrid","1"
"World Scientific","Discrete Mathematics Algorithms and Applications","1793-8309","1793-8309 1793-8317","hybrid","1"
"Unknown / no publisher","Advances in Environmental and Engineering Research","2766-6190","2766-6190","hybrid","1"
"Unknown / no publisher","BOHR International Journal of Business Ethics and Corporate Governance","2583-5823","2583-5823","hybrid","1"
"Unknown / no publisher","Journal of Community Medicine and Public Health Reports","2692-9899","2692-9899","hybrid","1"
"Unknown / no publisher","Journal of Environmental Science Computer Science and Engineering & Technology","2278-179X","2278-179X","hybrid","1"
"Unknown / no publisher","Revista Ruptura","1390-7182","1390-7182 2737-6346","hybrid","1"
"Unknown / no publisher","Global Journal of Engineering and Technology Advances","2582-5003","2582-5003","hybrid","1"
"Unknown / no publisher","Journal of Clinical Research and Reports","2690-1919","2690-1919","hybrid","1"
"Unknown / no publisher","Proceedings of 40th International Conference on High Energy physics — PoS(ICHEP2020)","","","hybrid","1"
"Chiang Mai University","Chiang Mai Medical Journal","2651-2025","2651-2025","hybrid","1"
"Unknown / no publisher","International Conference on Space Optics — ICSO 2020","","","hybrid","1"
"Unknown / no publisher","Bulletin of Kazakh National Women s Teacher Training University","2306-5079","2306-5079","hybrid","1"
"Unknown / no publisher","Journal of Sustainability Science and Management","1823-8556","1823-8556 2672-7226","hybrid","1"
"Unknown / no publisher","Journal of Integrative Medicine","2315-4616","2315-4616","hybrid","1"
"Unknown / no publisher","Research on Humanities and Social Sciences","","","hybrid","1"
"Thieme Medical Publishers (Germany)","Journal of Diabetes and Endocrine Practice","2772-7653","2772-7653","hybrid","1"
"Unknown / no publisher","Journal of Clinical and Laboratory Research","2768-0487","2768-0487","hybrid","1"
"Unknown / no publisher","Journal of Marketing and Consumer Research","","","hybrid","1"
"Unknown / no publisher","LU Akadēmiskais apgāds eBooks","","","hybrid","1"
"Unknown / no publisher","Globus","2658-5197","2658-5197","hybrid","1"
"Unknown / no publisher","PROCEEDING INTERNATIONAL RELATIONS ON INDONESIAN FOREIGN POLICY CONFERENCE","2807-1255","2807-1255","hybrid","1"
"Unknown / no publisher","Asian TESOL Journal","2811-4264","2811-4264","hybrid","1"
"Unknown / no publisher","Cities People Places An International Journal on Urban Environments","2448-9247","2448-9247","hybrid","1"
"Unknown / no publisher","International Journal of Applied Microbiology and Biotechnology Research","2053-1818","2053-1818","hybrid","1"
"Unknown / no publisher","Open Access Journal of Pulmonary & Respiratory Sciences","2642-1143","2642-1143","hybrid","1"
"University of Lodz Press","Wydawnictwo Uniwersytetu Łódzkiego eBooks","","","hybrid","1"
"Karger Publishers","Neurodegenerative Diseases","1660-2854","1660-2854 1660-2862","hybrid","1"
"American Psychological Association","Psychological Assessment","1040-3590","1040-3590 1939-134X","hybrid","1"
"SAGE Publishing","Journal of Indian Association for Child and Adolescent Mental Health","0973-1342","0973-1342 2754-6349","hybrid","1"
"American Association for Cancer Research","Molecular Cancer Therapeutics","1535-7163","1535-7163 1538-8514","hybrid","1"
"American Association for the Advancement of Science","Science Translational Medicine","1946-6234","1946-6234 1946-6242","hybrid","1"
"Unknown / no publisher","Journal of Engineering Researcher and Lecturer","2963-7511","2963-7511","hybrid","1"
"European Respiratory Society","European Respiratory Journal","0903-1936","0903-1936 1399-3003","hybrid","1"
"University of Chicago Press","The American Naturalist","0003-0147","0003-0147 1537-5323","hybrid","1"
"Lippincott Williams & Wilkins","Pediatric Critical Care Medicine","1529-7535","1529-7535 1947-3893","hybrid","1"
"Bentham Science Publishers","Current Aging Science","1874-6098","1874-6098 1874-6128","hybrid","1"
"Karger Publishers","Acta Cytologica","0001-5547","0001-5547 1938-2650","hybrid","1"
"Unknown / no publisher","Findings of the Association for Computational Linguistics: NAACL 2022","","","hybrid","1"
"Institute of Electrical and Electronics Engineers","IEEE Internet of Things Journal","2327-4662","2327-4662 2372-2541","hybrid","1"
"SAGE Publishing","Cartilage","1947-6035","1947-6035 1947-6043","hybrid","1"
"Lippincott Williams & Wilkins","The Journal of Cardiovascular Nursing","0889-4655","0889-4655 1550-5049","hybrid","1"
"Future Science Ltd","Future Medicinal Chemistry","1756-8919","1756-8919 1756-8927","hybrid","1"
"Springer Science+Business Media","ONCOLOGIE","1292-3818","1292-3818 1765-2839","hybrid","1"
"BMJ","British Journal of Ophthalmology","0007-1161","0007-1161 1468-2079","hybrid","1"
"Oxford University Press","Interactive Cardiovascular and Thoracic Surgery","1569-9285","1569-9285 1569-9293","hybrid","1"
"Unknown / no publisher","Brain Tumor Research and Treatment","2288-2405","2288-2405 2288-2413","hybrid","1"
"International Union of Pure and Applied Chemistry","Pure and Applied Chemistry","0033-4545","0033-4545 1365-3075","hybrid","1"
"Lippincott Williams & Wilkins","Journal of Bronchology & Interventional Pulmonology","1944-6586","1944-6586 1948-8270","hybrid","1"
"The MIT Press","Global Environmental Politics","1526-3800","1526-3800 1536-0091","hybrid","1"
"American Physiological Society","Journal of Neurophysiology","0022-3077","0022-3077 1522-1598","hybrid","1"
"Unknown / no publisher","International Journal of Linguistics","1948-5425","1948-5425","hybrid","1"
"ASM International","ASME Open Journal of Engineering","2770-3495","2770-3495","hybrid","1"
"Unknown / no publisher","Jurnal Guru Indonesia","2798-463X","2798-463X","hybrid","1"
"Unknown / no publisher","Journal of Kidney Care","2397-9534","2397-9534 2397-9542","hybrid","1"
"Unknown / no publisher","CFD Letters","2811-3969","2811-3969","hybrid","1"
"SPIE","Optical Engineering","0091-3286","0091-3286 1560-2303","hybrid","1"
"Inderscience Publishers","International Journal of Productivity and Quality Management","1746-6474","1746-6474 1746-6482","hybrid","1"
"Unknown / no publisher","Business and management","2029-428X","2029-428X 2029-4441 2029-929X","hybrid","1"
"IntechOpen","Infectious diseases","2631-6188","2631-6188","hybrid","1"
"Universitas Nusantara PGRI Kediri","Proceedings of the International Seminar on Business Education and Science","2964-5425","2964-5425 2964-5433","hybrid","1"
"Biomedical Informatics","Bioinformation","0973-2063","0973-2063 0973-8894","hybrid","1"
"International Institute of Anticancer Research (IIAR) Conferences 1997. Athens, Greece. Abstracts","Anticancer Research","0250-7005","0250-7005 1791-7530","hybrid","1"
"Lippincott Williams & Wilkins","Journal of Computer Assisted Tomography","0363-8715","0363-8715 1532-3145","hybrid","1"
"Lembaga Publikasi Ilmiah dan Penerbitan (LPIP) Universitas Muhammadiyah Purwokerto","Research In Chemical Engineering (RiCE)","2829-4718","2829-4718","hybrid","1"
"Unknown / no publisher","De Fermat Jurnal Pendidikan Matematika","2621-6078","2621-6078 2621-7309","hybrid","1"
"Springer Nature","Medical radiology","0942-5373","0942-5373 2197-4187","hybrid","1"
"Unknown / no publisher","Jurnal Ekonomi Malaysia","0127-1962","0127-1962","hybrid","1"
"Unknown / no publisher","Matematychni Metody Ta Fizyko-Mekhanichni Polya","0130-9420","0130-9420","hybrid","1"
"Unknown / no publisher","Tourism Culture & Communication","1098-304X","1098-304X 1943-4146","hybrid","1"
"Unknown / no publisher","Sulolipu Media Komunikasi Sivitas Akademika dan Masyarakat","0854-624X","0854-624X 2622-6960","hybrid","1"
"Unknown / no publisher","International Journal of Innovative Research in Engineering & Multidisciplinary Physical Sciences","2349-7300","2349-7300","hybrid","1"
"Unknown / no publisher","The European Proceedings of Social & Behavioural Sciences","2357-1330","2357-1330","hybrid","1"
"Unknown / no publisher","Idealogy Journal","2550-214X","2550-214X","hybrid","1"
"IGI Global","Advances in finance, accounting, and economics book series","2327-5677","2327-5677 2327-5685","hybrid","1"
"Medknow","Medical Gas Research","2045-9912","2045-9912","hybrid","1"
"Springer International Publishing","SpringerBriefs in climate studies","2213-784X","2213-784X 2213-7858","hybrid","1"
"Lippincott Williams & Wilkins","Infectious Diseases in Clinical Practice","1056-9103","1056-9103 1536-9943","hybrid","1"
"Unknown / no publisher","Economics Business Accounting & Society Review","2810-0115","2810-0115","hybrid","1"
"Springer Nature (Netherlands)","Springer briefs in geography","2211-4165","2211-4165 2211-4173","hybrid","1"
"Unknown / no publisher","Medicinal Plants - International Journal of Phytomedicines and Related Industries","0975-4261","0975-4261 0975-6892","hybrid","1"
"Unknown / no publisher","Journal of Orthopedic Surgery and Techniques","2578-7187","2578-7187","hybrid","1"
"Unknown / no publisher","RedPensar","2215-2938","2215-2938 2215-5384","hybrid","1"
"Unknown / no publisher","International Research Journal of Modernization in Engineering Technology and Science","2582-5208","2582-5208","hybrid","1"
"Brawijaya University","Produksi Tanaman","2338-3976","2338-3976 2527-8452","hybrid","1"
"Unknown / no publisher","Journal of Digestive Cancer Research","2288-1581","2288-1581 2765-6713","hybrid","1"
"Unknown / no publisher","JURNAL MANAJEMEN RISIKO","2746-3982","2746-3982","hybrid","1"
"Unknown / no publisher","Cytogenetic and Genome Research","1424-859X","1424-859X","hybrid","1"
"Unknown / no publisher","Agrobiological Records","2708-7182","2708-7182 2708-7190","hybrid","1"
"Thieme Medical Publishers (Germany)","Journal of Pediatric Genetics","2146-4596","2146-4596 2146-460X","hybrid","1"
"Unknown / no publisher","Asian Journal of Social Sciences and Legal Studies","2707-465X","2707-465X 2707-4668","hybrid","1"
"Unknown / no publisher","Abstracts","","","hybrid","1"
"Unknown / no publisher","ГРААЛЬ НАУКИ","2710-3056","2710-3056","hybrid","1"
"Unknown / no publisher","HispanismeS","2270-0765","2270-0765","hybrid","1"
"IGI Global","International Journal of Mobile and Blended Learning","1941-8647","1941-8647 1941-8655","hybrid","1"
"Unknown / no publisher","Diacritiques Éditions eBooks","","","hybrid","1"
"University of Colombo","University of Colombo Review","2756-9152","2756-9152","hybrid","1"
"Unknown / no publisher","WFNOS 2022 Abstract Book","","","hybrid","1"
"Unknown / no publisher","Journal of Biomedical Engineering and Medical Imaging","2055-1266","2055-1266","hybrid","1"
"Unknown / no publisher","Russian Journal for Personalized Medicine","2782-3806","2782-3806 2782-3814","hybrid","1"
"Lippincott Williams & Wilkins","Blood Pressure Monitoring","1359-5237","1359-5237 1473-5725","hybrid","1"
"Unknown / no publisher","Proceedings of the International Conference on Big Data Economy and Digital Management","","","hybrid","1"
"Unknown / no publisher","International Journal of Environmental Research and Education","2821-0980","2821-0980","hybrid","1"
"Unknown / no publisher","Journal of Safety Studies","2377-3219","2377-3219","hybrid","1"
"Unknown / no publisher","International Journal of Social Science and Human Research","2644-0679","2644-0679 2644-0695","hybrid","1"
"Unknown / no publisher","International Journal of Arts Humanities & Social Science","2693-2547","2693-2547 2693-2555","hybrid","1"
"Unknown / no publisher","SOCIAL Jurnal Inovasi Pendidikan IPS","2797-8842","2797-8842 2797-9431","hybrid","1"
"Unknown / no publisher","Proceedings of the AsiaCALL International Conference","2833-6836","2833-6836","hybrid","1"
"Unknown / no publisher","Journal of Social Science Studies","2329-9150","2329-9150","hybrid","1"
"Unknown / no publisher","Polymer Science Peer Review Journal","2770-6613","2770-6613","hybrid","1"
"Unknown / no publisher","Revue du MAUSS","1247-4819","1247-4819 1776-3053","gold","1"
"Unknown / no publisher","Sextant","1370-267X","1370-267X 2795-8736","hybrid","1"
"Unknown / no publisher","THE INTERNATIONAL JOURNAL OF MANAGEMENT SCIENCE AND BUSINESS ADMINISTRATION","1849-5419","1849-5419 1849-5664","hybrid","1"
"Springer Science+Business Media","Topics in applied physics","0303-4216","0303-4216 1437-0859","hybrid","1"
"Springer Nature (Netherlands)","Water science and technology library","0921-092X","0921-092X 1872-4663","hybrid","1"
"Unknown / no publisher","Proceedings of the 2022 2nd International Conference on Modern Educational Technology and Social Sciences (ICMETSS 2022)","","","hybrid","1"
"Unknown / no publisher","Middle East Journal of TEFL","2799-1229","2799-1229","hybrid","1"
"Atlantis Press","Atlantis Highlights in Chemistry and Pharmaceutical Sciences/Atlantis highlights in chemistry and pharmaceutical sciences","2590-3195","2590-3195 2731-7897","hybrid","1"
"Didactic Association Andalucia","Journal of Sport and Health Research","1989-6239","1989-6239","hybrid","1"
"Unknown / no publisher","Proceedings of the 2022 2nd International Conference on Education, Information Management and Service Science (EIMSS 2022)","","","hybrid","1"
"Thieme Medical Publishers (Germany)","International Journal of Epilepsy","2213-6320","2213-6320 2213-6339","hybrid","1"
"Unknown / no publisher","JURNAL ABDI DAYA","2776-0863","2776-0863 2776-2548","hybrid","1"
"Unknown / no publisher","SAMVAD","2249-1880","2249-1880 2348-5329","hybrid","1"
"Presses de l'Université de Montréal","Les Presses de l'Université de Montréal eBooks","","","hybrid","1"
"Unknown / no publisher","Journal of Comprehensive Science (JCS)","2962-4584","2962-4584 2962-4738","hybrid","1"
"Unknown / no publisher","Indonesian Journal of Business Analytics","2808-0718","2808-0718","hybrid","1"
"Oxford University Press","Bulletin of the Chemical Society of Japan","0009-2673","0009-2673 1348-0634","hybrid","1"
"Unknown / no publisher","International Journal of Advanced Health Science and Technology","2808-6422","2808-6422 2829-3037","hybrid","1"
"Lippincott Williams & Wilkins","Medicine & Science in Sports & Exercise","0195-9131","0195-9131 1530-0315","hybrid","1"
"The MIT Press","The Journal of Interdisciplinary History","0022-1953","0022-1953 1530-9169","hybrid","1"
"Cognizant Communication Corporation","Oncology Research Featuring Preclinical and Clinical Cancer Therapeutics","0965-0407","0965-0407 1555-3906","hybrid","1"
"Unknown / no publisher","Shanti Journal","2961-1601","2961-1601 2961-161X","hybrid","1"
"American Institute of Physics","Review of Scientific Instruments","0034-6748","0034-6748 1089-7623 1527-2400","hybrid","1"
"Karger Publishers","Blood Purification","0253-5068","0253-5068 1421-9735","hybrid","1"
"Medknow","Journal of Clinical Imaging Science","2156-5597","2156-5597 2156-7514 2156-7522","hybrid","1"
"Unknown / no publisher","Journal of Industrial Intelligence","2958-2687","2958-2687 2958-2695","hybrid","1"
"Springer International Publishing","Springer proceedings in business and economics","2198-7246","2198-7246 2198-7254","hybrid","1"
"Unknown / no publisher","Progress in landslide research and technology","2731-3794","2731-3794 2731-3808","hybrid","1"
"Unknown / no publisher","PsycTESTS Dataset","","","gold","1"
"Lippincott Williams & Wilkins","Journal of Neurosurgical Anesthesiology","0898-4921","0898-4921 1537-1921","gold","1"
"The Korean Society of Wood Science Technology","Journal of the Korean Wood Science and Technology","1017-0715","1017-0715 2233-7180","hybrid","1"
"Unknown / no publisher","European Journal of Prosthodontics and Restorative Dentistry","2396-8893","2396-8893","hybrid","1"
"Elsevier BV","Radiologic Clinics of North America","0033-8389","0033-8389 1557-8275","hybrid","1"
"Unknown / no publisher","Pakistan Journal of Psychological Research","1016-0604","1016-0604 2663-208X","hybrid","1"
"Unknown / no publisher","Green Materials","2049-1220","2049-1220 2049-1239","hybrid","1"
"De Gruyter","Materials Testing","0025-5300","0025-5300 2195-8572","hybrid","1"
"Lippincott Williams & Wilkins","Retina","0275-004X","0275-004X 1539-2864","hybrid","1"
"De Gruyter","Energy Harvesting and Systems","2329-8766","2329-8766 2329-8774","hybrid","1"
"John Benjamins Publishing Company","Language Culture and Society","2543-3156","2543-3156 2543-3164","hybrid","1"
"IGI Global","International Journal of Cloud Applications and Computing","2156-1826","2156-1826 2156-1834","hybrid","1"
"Baishideng Publishing Group","World Journal of Stem Cells","1948-0210","1948-0210","hybrid","1"
"AME Publishing Company","Journal of Hospital Management and Health Policy","2523-2533","2523-2533 2523-2541","hybrid","1"
"World Scientific","Biomedical Engineering Applications Basis and Communications","1016-2372","1016-2372 1793-7132","hybrid","1"
"Lippincott Williams & Wilkins","American Journal of Forensic Medicine & Pathology","0195-7910","0195-7910 1533-404X","hybrid","1"
"Unknown / no publisher","Jurnal Ternak","2684-6799","2684-6799","hybrid","1"
"Unknown / no publisher","International Journal of Science and Business","2520-4750","2520-4750 2521-3040","hybrid","1"
"Nomos","Nomos Verlagsgesellschaft mbH & Co. KG eBooks","","","hybrid","1"
"World Scientific","Unmanned Systems","2301-3850","2301-3850 2301-3869","hybrid","1"
"Unknown / no publisher","Advances in Cement Research","0951-7197","0951-7197 1751-7605","hybrid","1"
"Unknown / no publisher","International Journal of Social Work","2332-7278","2332-7278","hybrid","1"
"Lippincott Williams & Wilkins","Clinical Liver Disease","2046-2484","2046-2484","hybrid","1"
"Lippincott Williams & Wilkins","Clinical Orthopaedics and Related Research","0009-921X","0009-921X 1528-1132","hybrid","1"
"Brill","Nematology","1388-5545","1388-5545 1568-5411","hybrid","1"
"American Society of Civil Engineers","Journal of Architectural Engineering","1076-0431","1076-0431 1943-5568","hybrid","1"
"Cambridge University Press","Journal of Southeast Asian Studies","0022-4634","0022-4634 1474-0680","hybrid","1"
"Jomo Kenyatta University of Agriculture & Technology","Journal of Agricultural Science and Technology","1680-7073","1680-7073 2345-3737","hybrid","1"
"Korean Society of Food Science and Nutrition","Journal of the Korean Society of Food Science and Nutrition","1226-3311","1226-3311 2288-5978","hybrid","1"
"Canadian Science Publishing","Canadian Journal of Microbiology","0008-4166","0008-4166 1480-3275","hybrid","1"
"Unknown / no publisher","The journal of cetacean research and management. Special issue","1561-073X","1561-073X 2312-2706","hybrid","1"
"Inderscience Publishers","International Journal of Business Innovation and Research","1751-0252","1751-0252 1751-0260","hybrid","1"
"Inderscience Publishers","International Journal of Mobile Learning and Organisation","1746-725X","1746-725X 1746-7268","hybrid","1"
"Unknown / no publisher","European Journal of English Language Studies","2770-9752","2770-9752","hybrid","1"
"Unknown / no publisher","Journal of Metastable and Nanocrystalline Materials","1422-6375","1422-6375 2297-6620","hybrid","1"
"Unknown / no publisher","AIJR Proceedings","2582-3922","2582-3922","hybrid","1"
"Unknown / no publisher","Robotic Systems and Applications","2669-2473","2669-2473","hybrid","1"
"Unknown / no publisher","Eurasian Journal of Economic and Business Studies","2789-8253","2789-8253 2789-8261","hybrid","1"
"Unknown / no publisher","Journal of Clinical Gynecology and Obstetrics","1927-1271","1927-1271 1927-128X","hybrid","1"
"American Society for Microbiology","Journal of Virology","0022-538X","0022-538X 1070-6321 1098-5514","hybrid","1"
"Unknown / no publisher","Dinamika Teknik Sipil Majalah Ilmiah Teknik Sipil","2828-2876","2828-2876","hybrid","1"
"Unknown / no publisher","Penerbit BRIN eBooks","","","hybrid","1"
"São Paulo Federal Institute of Education, Science and Technology","Journal of Applied Science Engineering Technology and Management","2584-0371","2584-0371","hybrid","1"
"L'Harmattan","Cultures & conflits/Cultures et conflits","1157-996X","1157-996X 1777-5345","hybrid","1"
"Unknown / no publisher","Sociétés plurielles","2557-9959","2557-9959","hybrid","1"
"Cambridge University Press","Proceedings of the Design Society","2732-527X","2732-527X","hybrid","1"
"Unknown / no publisher","Pakistan Journal of Social Research","2710-3129","2710-3129 2710-3137","hybrid","1"
"Intellect","Craft Research","2040-4689","2040-4689 2040-4697","hybrid","1"
"Unknown / no publisher","Indian Journal of Data Communication and Networking","2582-760X","2582-760X","hybrid","1"
"Unknown / no publisher","International Journal of Marketing Communication and New Media","2182-9306","2182-9306 2183-6558","hybrid","1"
"Unknown / no publisher","Revista de Jurisprudencia Laboral","2659-787X","2659-787X","hybrid","1"
"International Islamic University Malaysia","Asiatic IIUM Journal of English Language and Literature","1985-3106","1985-3106","hybrid","1"
"Unknown / no publisher","EPH - International Journal of Biological & Pharmaceutical Science","2208-2166","2208-2166","hybrid","1"
"Inderscience Publishers","International Journal of Manufacturing Technology and Management","1368-2148","1368-2148 1741-5195","hybrid","1"
"Unknown / no publisher","Kompass Dermatologie","2296-536X","2296-536X 2296-5424","hybrid","1"
"Unknown / no publisher","Editora Científica Digital eBooks","","","hybrid","1"
"Unknown / no publisher","The International Journal of Science Mathematics and Technology Learning","2327-7971","2327-7971 2327-915X","hybrid","1"
"Unknown / no publisher","IAFOR International Conference on Arts & Humanities, official conference proceedings","2432-4604","2432-4604","hybrid","1"
"Unknown / no publisher","Revista da Procuradoria-Geral do Banco Central","1982-9965","1982-9965 2595-0894","hybrid","1"
"Unknown / no publisher","Media and Communication Research","2523-2584","2523-2584","hybrid","1"
"Unknown / no publisher","International Journal of Geriatrics and Gerontology","2577-0748","2577-0748","hybrid","1"
"Unknown / no publisher","Jurnal sosial dan sains","2774-700X","2774-700X 2774-7018","hybrid","1"
"Unknown / no publisher","SCIREA Journal of Mathematics","2995-5823","2995-5823","hybrid","1"
"Unknown / no publisher","Asian Conference on Ethics, Religion and Philosophy official conference proceedings","2187-476X","2187-476X","hybrid","1"
"Unknown / no publisher","ACP official conference proceedings","2187-4743","2187-4743","hybrid","1"
"Unknown / no publisher","International Journal of Second and Foreign Language Education","2669-2341","2669-2341","hybrid","1"
"Unknown / no publisher","Proceedings of the... International Conference on Virtual Learning","1844-8933","1844-8933","hybrid","1"
"Unknown / no publisher","Sri Lanka Journal of Marketing","2719-2598","2719-2598","hybrid","1"
"Universitas Islam Sultan Agung","Jurnal Daulat Hukum","2614-560X","2614-560X","hybrid","1"
"Unknown / no publisher","Swamphen a Journal of Cultural Ecology (ASLEC-ANZ)","2652-2411","2652-2411","hybrid","1"
"Unknown / no publisher","APISA official conference proceedings","2758-9374","2758-9374","hybrid","1"
"Unknown / no publisher","Asian Development Bank Institute eBooks","","","hybrid","1"
"Unknown / no publisher","Cahiers du Celec","2801-2305","2801-2305","hybrid","1"
"Medknow","International Journal of Critical Illness and Injury Science","2229-5151","2229-5151 2231-5004","hybrid","1"
"Unknown / no publisher","International Journal of Electrical and Electronics Engineering","2348-8379","2348-8379 2349-9176","hybrid","1"
"Unknown / no publisher","European Conference on Language Learning official conference proceedings","2188-112X","2188-112X","hybrid","1"
"Unknown / no publisher","European Conference on Arts & Humanities offical conference proceedings","2188-1111","2188-1111","hybrid","1"
"Unknown / no publisher","Estudios Turísticos","0423-5037","0423-5037 2445-4443","hybrid","1"
"Begell House","International Journal of Energy for a Clean Environment","2150-3621","2150-3621 2150-363X","hybrid","1"
"Unknown / no publisher","Trends of Humanities and Social Sciences Research","2697-441X","2697-441X","hybrid","1"
"Unknown / no publisher","BICC Proceedings","3025-8901","3025-8901","hybrid","1"
"Inderscience Publishers","International Journal of Applied Decision Sciences","1755-8077","1755-8077 1755-8085","hybrid","1"
"Unknown / no publisher","Jurnal Kependudukan dan Pembangunan Berkelanjutan","3025-6984","3025-6984 3025-9606","hybrid","1"
"Unknown / no publisher","Cultural Landscape Insights","2995-6129","2995-6129","hybrid","1"
"Unknown / no publisher","Literature and Literacy","2986-8785","2986-8785","hybrid","1"
"Unknown / no publisher","Mazinda Jurnal Akuntansi Keuangan dan Bisnis","2986-0970","2986-0970 2986-0989","hybrid","1"
"Unknown / no publisher","Revisiones en Cáncer","0213-8573","0213-8573 2952-3206","hybrid","1"
"Unknown / no publisher","Journal of Civil Engineering and Urban Planning","2616-3969","2616-3969","hybrid","1"
"Unknown / no publisher","Lex Russica","1729-5920","1729-5920 2686-7869","hybrid","1"
"Unknown / no publisher","Revue de géographie historique","2264-2617","2264-2617","hybrid","1"
"Unknown / no publisher","Catalysis Research","2771-490X","2771-490X","hybrid","1"
"Medknow","Indian Journal of Nuclear Medicine","0972-3919","0972-3919 0974-0244","hybrid","1"
"Chiang Mai University","Oral Sciences Reports","3027-6411","3027-6411","hybrid","1"
"Unknown / no publisher","Proceeding B-ICON","2986-027X","2986-027X","hybrid","1"
"Medknow","Journal of Current Medical Research and Practice","2357-0121","2357-0121 2357-013X","hybrid","1"
"Unknown / no publisher","Histoire Politique","1954-3670","1954-3670","hybrid","1"
"Medknow","The Egyptian Journal of Haematology","1110-1067","1110-1067 2090-9268","hybrid","1"
"Unknown / no publisher","Malaysian Journal of Science","2600-8688","2600-8688","hybrid","1"
"Unknown / no publisher","DESALINATION AND WATER TREATMENT","","","hybrid","1"
"Unknown / no publisher","Hualin International Journal of Buddhist Studies","2576-2923","2576-2923 2576-2931","hybrid","1"
"Unknown / no publisher","Journal of Chinese Language and Culture Studies","2828-173X","2828-173X","hybrid","1"
"Unknown / no publisher","SRMS Journal of Medical Science","2455-9652","2455-9652 2456-1673","hybrid","1"
"Unknown / no publisher","Payām-i naw.","1010-6510","1010-6510","hybrid","1"
"Unknown / no publisher","Online Media and Society","2790-1874","2790-1874 2790-1882","hybrid","1"
"Bentham Science Publishers","The Open Orthopaedics Journal","1874-3250","1874-3250","hybrid","1"
"Unknown / no publisher","Warmadewa Minesterium Medical Journal","2828-6138","2828-6138 2829-0127","hybrid","1"
"Unknown / no publisher","Jurnal Euangelion","2807-1719","2807-1719 2829-1948","hybrid","1"
"Unknown / no publisher","Jamalullail Journal","2948-393X","2948-393X","hybrid","1"
"Unknown / no publisher","Jurnal RESTIKOM Riset Teknik Informatika dan Komputer","2686-4797","2686-4797","hybrid","1"
"Unknown / no publisher","Mémoire des princes angevins","1775-2515","1775-2515 2547-4588","hybrid","1"
"Unknown / no publisher","JSE","2709-0779","2709-0779 2709-0787","hybrid","1"
"Unknown / no publisher","Journal of Scientometric Research","2320-0057","2320-0057 2321-6654","hybrid","1"
"International Information and Engineering Technology Association","Revue des composites et des matériaux avancés","1169-7954","1169-7954 1958-5799","hybrid","1"
"American Physical Society","Physical review. B./Physical review. B","2469-9950","2469-9950 2469-9969 2469-9977","hybrid","1"
"Annual Reviews","Annual Review of Genomics and Human Genetics","1527-8204","1527-8204 1545-293X","hybrid","1"
"IGI Global","International Journal of Computer-Assisted Language Learning and Teaching","2155-7098","2155-7098 2155-7101","hybrid","1"
"Unknown / no publisher","Journal of Education Humanities and Social Research","3078-7602","3078-7602 3078-7610","hybrid","1"
"Unknown / no publisher","CONSERVA","2988-3938","2988-3938","hybrid","1"
"Lippincott Williams & Wilkins","JCO Oncology Practice","2688-1527","2688-1527 2688-1535","hybrid","1"
"Unknown / no publisher","Women s Health Nursing","3022-7666","3022-7666 3022-8247","hybrid","1"
"CSIRO Publishing","International Journal of Wildland Fire","1049-8001","1049-8001 1448-5516","hybrid","1"
"Unknown / no publisher","Beneficial Microbes","1876-2883","1876-2883 1876-2891","hybrid","1"
"Österreichische Geographische Gesellschaft","Mitteilungen der Österreichischen Geographischen Gesellschaft","0029-9138","0029-9138 2708-0307","hybrid","1"
"Unknown / no publisher","Journal of Sustainability for Energy","2958-1907","2958-1907 2958-1915","hybrid","1"
"Unknown / no publisher","Journal of Digital Market and Digital Currency.","3048-0981","3048-0981","hybrid","1"
"Unknown / no publisher","Digital Applied Linguistics","2982-2300","2982-2300","hybrid","1"
"Karger Publishers","Urologia Internationalis","0042-1138","0042-1138 1423-0399","hybrid","1"
"Institute of Electrical and Electronics Engineers","IEEE Transactions on Nanotechnology","1536-125X","1536-125X 1941-0085","hybrid","1"
"Agricultural Research Communication Center","Legume Research - An International Journal","0250-5371","0250-5371 0976-0571","hybrid","1"
"Korean Society of Applied Pharmacology","Biomolecules & Therapeutics","1976-9148","1976-9148 2005-4483","hybrid","1"
"Inderscience Publishers","World Review of Entrepreneurship Management and Sustainable Development","1746-0573","1746-0573 1746-0581","hybrid","1"
"Unknown / no publisher","Food Science and Applied Biotechnology","2603-3380","2603-3380","hybrid","1"
"Springer International Publishing","International yearbook of soil law and policy","2520-1271","2520-1271 2520-128X","hybrid","1"
"CSIRO Publishing","Australian Journal of Primary Health","1448-7527","1448-7527 1836-7399","hybrid","1"
"Advanced Research Publications","JOURNAL OF COMMUNICABLE DISEASES","0019-5138","0019-5138 2581-351X","hybrid","1"
"IGI Global","Advances in educational technologies and instructional design book series","2326-8905","2326-8905 2326-8913","hybrid","1"
"IEEE Computer Society","IEEE Transactions on Software Engineering","0098-5589","0098-5589 1939-3520 2326-3881","hybrid","1"
"World Scientific","The Singapore Economic Review","0217-5908","0217-5908 1793-6837","hybrid","1"
"Unknown / no publisher","British Journal of Management and Marketing Studies","2689-5072","2689-5072","hybrid","1"
"Materials Research Society of Korea","Korean Journal of Materials Research","1225-0562","1225-0562 2287-7258","hybrid","1"
"Unknown / no publisher","Environmental sciences","2754-6713","2754-6713","hybrid","1"
"Unknown / no publisher","Current Integrative Engineering","2995-6307","2995-6307","hybrid","1"
"BMJ","Tobacco Control","0964-4563","0964-4563 1468-3318","hybrid","1"
"Unknown / no publisher","World Journal of Information and Knowledge Management ","2960-0111","2960-0111 2960-012X","hybrid","1"
"Unknown / no publisher","International Journal of Economics, Management and Accounting","3046-9376","3046-9376","hybrid","1"
"Unknown / no publisher","International Journal of Islamic Teaching and Learning","3047-3624","3047-3624","hybrid","1"
"Unknown / no publisher","Journal of engineering system.","2959-0604","2959-0604","hybrid","1"
"Malikussaleh University","Journal of Marine Studies","3047-406X","3047-406X","hybrid","1"
"Unknown / no publisher","Revista Jurídica do Nordeste Mineiro","2675-4312","2675-4312","hybrid","1"
"Unknown / no publisher","Fusion of Multidisciplinary Research An International Journal","3051-0155","3051-0155","hybrid","1"
"International Information and Engineering Technology Association","Instrumentation Mesure Métrologie","1631-4670","1631-4670 2269-8485","hybrid","1"
"Unknown / no publisher","Journal of Teaching and Learning","3090-0158","3090-0158","hybrid","1"
"Unknown / no publisher","Journal of Technology-Integrated Lessons and Teaching","2836-2578","2836-2578","hybrid","1"
"IGI Global","International Journal of Gaming and Computer-Mediated Simulations","1942-3888","1942-3888 1942-3896","hybrid","1"
"Unknown / no publisher","International Journal of Applied Methods in Electronics and Computers","3023-4409","3023-4409","hybrid","1"
"IGI Global","Advances in e-business research series","1935-2700","1935-2700 1935-2719","hybrid","1"
"Unknown / no publisher","Journal of rural revitalization and county economy.","2664-5378","2664-5378 2664-5386","hybrid","1"
"Unknown / no publisher","Kutafin Law Review","2713-0525","2713-0525 2713-0533","hybrid","1"
"Unknown / no publisher","World Journal of Sport Research","2959-9946","2959-9946 2959-9954","hybrid","1"
"Unknown / no publisher","Journal of Applied Economics and Policy Studies","2977-5701","2977-5701 2977-571X","hybrid","1"
"Unknown / no publisher","The International Journal of Visual Design","2325-1581","2325-1581 2325-159X","hybrid","1"
"Unknown / no publisher","International Journal of Clinical Case Reports and Reviews","2690-4861","2690-4861","hybrid","1"
"Unknown / no publisher","Biomedical engineering","2631-5343","2631-5343","hybrid","1"
"Spandidos Publishing","Medicine International","2754-1304","2754-1304 2754-3242","hybrid","1"
"World Scientific","Journal of Mechanics in Medicine and Biology","0219-5194","0219-5194 1793-6810","hybrid","1"
"IGI Global","International Journal of Technology-Enhanced Education","2771-5612","2771-5612 2771-5620","hybrid","1"
"Unknown / no publisher","Universal Journal of Green Chemistry","2972-4651","2972-4651","hybrid","1"
"Unknown / no publisher","Journal of philosophy, culture and religion.","3007-9322","3007-9322","hybrid","1"
"Brill","The International Journal of Marine and Coastal Law","0927-3522","0927-3522 1571-8085","hybrid","1"
"Unknown / no publisher","Financial economics insights.","3008-1947","3008-1947 3008-1955","hybrid","1"
"Unknown / no publisher","The International Journal of Diversity in Education","2327-0020","2327-0020 2327-2163","hybrid","1"
"Unknown / no publisher","American Journal of Law and Equality","2694-5711","2694-5711","hybrid","1"
"Institute for Digitalisation of Education of the NAES of Ukraine","Malta Journal of Education","2708-7514","2708-7514 2708-7522","hybrid","1"
"Universitas Islam Negeri Sunan Ampel Surabaya","EduStream Jurnal Pendidikan Dasar","2614-4417","2614-4417","hybrid","1"
"Unknown / no publisher","Marifah Jurnal Pendidikan dan Pemikiran Peradaban Islam","2088-7795","2088-7795 3026-3093","hybrid","1"
"Unknown / no publisher","International Journal of English Language Teaching","2055-0820","2055-0820 2055-0839","hybrid","1"
"Medknow","Indian Journal of Pharmacology","0253-7613","0253-7613 1998-3751","hybrid","1"
"Unknown / no publisher","International Journal of Electrical and Electronic Engineering & Telecommunications","2319-2518","2319-2518","hybrid","1"
"Unknown / no publisher","Proceedings of The International Conference on Innovation in Teaching and Education","3030-0096","3030-0096","hybrid","1"
"Unknown / no publisher","Contagion Scientific Periodical Journal of Public Health and Coastal Health","2685-0389","2685-0389","hybrid","1"
"Unknown / no publisher","International Journal of Financial Management and Economics","2617-9210","2617-9210 2617-9229","hybrid","1"
"Unknown / no publisher","Poster presentations","","","hybrid","1"
"Unknown / no publisher","Documento ocasional/Documento ocasional - Banco de España","1696-2222","1696-2222 1696-2230","hybrid","1"
"Karger Publishers","Food Science and Technology Research","1344-6606","1344-6606 1881-3984","hybrid","1"
"Unknown / no publisher","Neuroscience Research Notes","2576-828X","2576-828X","hybrid","1"
"Future Medicine","Future Virology","1746-0794","1746-0794 1746-0808","hybrid","1"
"MedCrave Group","Journal of Pediatrics & Neonatal Care","2373-4426","2373-4426","hybrid","1"
"Lippincott Williams & Wilkins","Retinal Cases & Brief Reports","1935-1089","1935-1089 1937-1578","hybrid","1"
"Unknown / no publisher","Vestnik Severo-Vostočnogo federalʹnogo universiteta imeni M.K. Ammosova. Seriâ ""Istoriâ. Politologiâ. Pravo""","2587-5612","2587-5612","hybrid","1"
"Springer Science+Business Media","Communications in computer and information science","1865-0929","1865-0929 1865-0937","hybrid","1"
"Hogrefe Verlag","Zeitschrift für Kinder- und Jugendpsychiatrie und Psychotherapie","1422-4917","1422-4917 1664-2880","hybrid","1"
"Kutafin Moscow State Law University","Courier of Kutafin Moscow State Law University (MSAL)","2311-5998","2311-5998 2782-6163","hybrid","1"
"Cambridge University Press","Diogenes","0392-1921","0392-1921 1467-7695","hybrid","1"
"Unknown / no publisher","International Journal of Environmental Science and Development","2972-3698","2972-3698","hybrid","1"
"Unknown / no publisher","World Journal of Management Science","2959-9628","2959-9628 2959-9636","hybrid","1"
"Unknown / no publisher","The Proceedings of the International Conference on Advanced Research in Education, Teaching, and Learning.","3030-0606","3030-0606","hybrid","1"
"Unknown / no publisher","Korean Music Education Society","1229-4179","1229-4179 2713-3788","hybrid","1"
"Unknown / no publisher","HADIS","2231-9018","2231-9018 2550-1585","hybrid","1"
"Unknown / no publisher","International Journal of Legal and Social Order","2810-4188","2810-4188 2821-4161","hybrid","1"
"Sunan Gunung Djati State Islamic University Bandung","Finansha- Journal of Sharia Financial Management","2774-2687","2774-2687","hybrid","1"
"Unknown / no publisher","Iraqi Journal of Community Medicine","1684-5382","1684-5382","hybrid","1"
"Springer Nature","Essentials in ophthalmology/Essentials ophthalmology","1612-3212","1612-3212 2196-890X","hybrid","1"
"Unknown / no publisher","The Proceedings of the International Conference on Social Sciences in the Modern Era.","3030-0436","3030-0436","hybrid","1"
"Unknown / no publisher","Disastra Jurnal Pendidikan Bahasa dan Sastra Indonesia","2655-3031","2655-3031 2655-7851","hybrid","1"
"National University of Life and Environmental Sciences of Ukraine","Ukrainian Journal of Forest and Wood Science","2664-4452","2664-4452 2664-4460","hybrid","1"
"Unknown / no publisher","International Journal of Pedagogical Language, Literature, and Cultural Studies","3047-2202","3047-2202","hybrid","1"
"Unknown / no publisher","The Proceedings of the International Academic Conference on Teaching, Learning and Education.","3030-0614","3030-0614","hybrid","1"
"Unknown / no publisher","Journal of statistics and economics.","3005-5733","3005-5733","hybrid","1"
"Unknown / no publisher","Journal of business and marketing.","3005-5717","3005-5717","hybrid","1"
"Unknown / no publisher","Asian Conference on Cultural Studies official conference proceedings","2187-4751","2187-4751","hybrid","1"
"IGI Global","International Journal of E-Entrepreneurship and Innovation","1947-8585","1947-8585 1947-8593","hybrid","1"
"Unknown / no publisher","ABIP Agama Buddha dan Ilmu Pengetahuan","2406-7601","2406-7601 2745-6323","hybrid","1"
"Unknown / no publisher","African Journal of Economics and Sustainable Development","2689-5080","2689-5080","hybrid","1"
"Unknown / no publisher","Systems and Control Transactions","2818-4734","2818-4734","hybrid","1"
"Unknown / no publisher","Panggung Kebaikan","3046-6725","3046-6725 3046-675X","hybrid","1"
"Universitas Hindu Negeri I Gusti Bagus Sugriwa Denpasar","International Journal of Social Studies.","3062-9829","3062-9829","hybrid","1"
"Mary Ann Liebert, Inc.","Robotics Reports","2835-0111","2835-0111","hybrid","1"
"Unknown / no publisher","The Thai Journal of Veterinary Medicine","2985-1130","2985-1130","hybrid","1"
"Elsevier BV","Animal - science proceedings","2772-283X","2772-283X","hybrid","1"
"Unknown / no publisher","Natural Resources for Human Health","2583-1194","2583-1194","hybrid","1"
"Unknown / no publisher","Journal of Career and Entrepreneurship","2829-7822","2829-7822 2830-3172","hybrid","1"
"Unknown / no publisher","The Paris Conference on Arts & Humanities, official conference proceedings","2758-0970","2758-0970","hybrid","1"
"IGI Global","International Journal of Information Technologies and Systems Approach","1935-570X","1935-570X 1935-5718","hybrid","1"
"Unknown / no publisher","The Proceedings of the International Conference on Applied Research  in Management, Business and Economics.","3030-1149","3030-1149","hybrid","1"
"Scientific and Technological Research Council of Turkey (TUBITAK)","TURKISH JOURNAL OF MEDICAL SCIENCES","1300-0144","1300-0144 1303-6165","hybrid","1"
"Unknown / no publisher","Journal of Human Movement Science","2523-5850","2523-5850","hybrid","1"
"Mises Brazil Institute","Journal of Libertarian Studies","2643-4598","2643-4598 2643-4601","hybrid","1"
"Unknown / no publisher","Journal of Policy Research","2410-8162","2410-8162 2709-8966","hybrid","1"
"Société des océanistes","Journal de la Société des océanistes","0300-953X","0300-953X 1760-7256","hybrid","1"
"IGI Global","Practice, progress, and proficiency in sustainability","2330-3271","2330-3271 2330-328X","hybrid","1"
"Unknown / no publisher","Journal of social science and cultural development.","3065-3223","3065-3223 3065-3231","hybrid","1"
"Unknown / no publisher","Epaper Bisnis.","3047-907X","3047-907X","hybrid","1"
"Science Impact","Impact","2398-7073","2398-7073 2398-7081","hybrid","1"
"Unknown / no publisher","International Journal of Computer Technology and Science","3048-1899","3048-1899 3048-1961","hybrid","1"
"Unknown / no publisher","Cerdika Jurnal Ilmiah Indonesia","2774-6291","2774-6291 2774-6534","hybrid","1"
"Unknown / no publisher","UKAZ International Journal of Islamic Studies","3063-5640","3063-5640","hybrid","1"
"AME Publishing Company","Pediatric Medicine","2617-5428","2617-5428","hybrid","1"
"Unknown / no publisher","The Open COVID Journal","2666-9587","2666-9587","hybrid","1"
"Unknown / no publisher","Chirurgia","0394-9508","0394-9508 1827-1782","hybrid","1"
"Unknown / no publisher","Médiévales","0751-2708","0751-2708 1777-5892","hybrid","1"
"Unknown / no publisher","Journal of Social Knowledge Education (JSKE)","2722-0451","2722-0451 2722-046X","hybrid","1"
"Unknown / no publisher","Communications in Humanities Research","2753-7064","2753-7064 2753-7072","hybrid","1"
"Unknown / no publisher","Safety and Health For Medical Workers","3047-9460","3047-9460 3048-3786","hybrid","1"
"Springer International Publishing","Water security in a new world","2367-4008","2367-4008 2367-4016","hybrid","1"
"Unknown / no publisher","Muslim Politics Review","2964-979X","2964-979X","hybrid","1"
"Unknown / no publisher","Przegląd Archiwalno-Historyczny","2391-890X","2391-890X","hybrid","1"
"Unknown / no publisher","Proceedings of International Conference on Religion Social and Humanities","3089-3356","3089-3356","hybrid","1"
"Unknown / no publisher","International Research Journal of Education and Technology (IRJET).","2581-7795","2581-7795","hybrid","1"
"OpenEdition Journals","Statistique et société","2269-0271","2269-0271","hybrid","1"
"North-West University","Journal of Community Psychosocial Research","2960-0413","2960-0413","hybrid","1"
"Unknown / no publisher","Journal of Occupational Health and Epidemiology","1560-4764","1560-4764","hybrid","1"
"Unknown / no publisher","International Review on Modelling and Simulations (IREMOS)","1974-9821","1974-9821 1974-983X 2533-1701","hybrid","1"
"Unknown / no publisher","Scientific Journal of Biology & Life Sciences","2694-166X","2694-166X","hybrid","1"
"Unknown / no publisher","Livraisons d histoire de l architecture","1627-4970","1627-4970 1960-5994","hybrid","1"
"Unknown / no publisher","Journal of Aquatropica Asia","2721-7574","2721-7574","hybrid","1"
"Unknown / no publisher","Journal of Southeast Asian Islam and Society","2599-2805","2599-2805 2615-6164","hybrid","1"
"Unknown / no publisher","International Journal of Management and Business","3032-5099","3032-5099","hybrid","1"
"Unknown / no publisher","Jurnal Pengabdian Masyarakat Widya Wiwaha","3026-6297","3026-6297","hybrid","1"
"Unknown / no publisher","PARADIGMA Jurnal Ilmu Administrasi","2301-5497","2301-5497 2549-8460","hybrid","1"
"Unknown / no publisher","Frontiers in Sustainable Science and Technology","3089-2767","3089-2767","hybrid","1"
"Unknown / no publisher","Al-Mutharahah Jurnal Penelitian dan Kajian Sosial Keagamaan","2088-0871","2088-0871 2722-2314","hybrid","1"
"American Association for the Advancement of Science","Science","0036-8075","0036-8075 1095-9203","hybrid","1"
"Unknown / no publisher","FinTech and Sustainable Innovation","3141-0936","3141-0936","hybrid","1"
"Bentham Science Publishers","Current Medical Imaging Formerly Current Medical Imaging Reviews","1573-4056","1573-4056 1875-6603","hybrid","1"
"De Gruyter Mouton","Journal of Politeness Research","1612-5681","1612-5681 1613-4877","hybrid","1"
"Unknown / no publisher","Journal of Biotechnology and Bioengineering","2637-5362","2637-5362","hybrid","1"
"Duke University Press","East Asian Science Technology and Society An International Journal","1875-2152","1875-2152 1875-2160","hybrid","1"
"Information Age Publishing","Insights in animal science","3007-6420","3007-6420","hybrid","1"
"Unknown / no publisher","Mechatronics and intelligent transportation systems","2958-020X","2958-020X 2958-0218","hybrid","1"
"MA Healthcare","British Journal of Hospital Medicine","1750-8460","1750-8460 1759-7390","hybrid","1"
"De Gruyter","Diagnosis","2194-8011","2194-8011 2194-802X","hybrid","1"
"Unknown / no publisher","Smart Design Policies","3062-1607","3062-1607","hybrid","1"
"Science Press","Journal of Geriatric Cardiology","1671-5411","1671-5411","hybrid","1"
"Unknown / no publisher","Infectious Diseases and Clinical Microbiology","2667-646X","2667-646X","hybrid","1"
"Springer International Publishing","Lecture notes in networks and systems","2367-3370","2367-3370 2367-3389","hybrid","1"
"BMJ","BMJ Supportive & Palliative Care","2045-435X","2045-435X 2045-4368","hybrid","1"
"Unknown / no publisher","Artificial Intelligence in Learning","3089-3690","3089-3690","hybrid","1"
"Unknown / no publisher","Journal of Statistical Sciences and Computational Intelligence","3092-9458","3092-9458","hybrid","1"
"Unknown / no publisher","Bulletin of Islamic Research","3031-4526","3031-4526","hybrid","1"
"Karger Publishers","Dementia and Geriatric Cognitive Disorders","1420-8008","1420-8008 1421-9824","hybrid","1"
"Association for Computing Machinery","ACM Transactions on Cyber-Physical Systems","2378-962X","2378-962X 2378-9638","hybrid","1"
"Unknown / no publisher","European Journal of Innovative Studies and Sustainability","3083-6395","3083-6395","hybrid","1"
"Unknown / no publisher","Spectrum of Engineering and Management Sciences","3009-3309","3009-3309","hybrid","1"
"Unknown / no publisher","Journal of Community Nursing and Primary Care","3089-140X","3089-140X","hybrid","1"
"Nature Portfolio","Nature Reviews Nephrology","1759-5061","1759-5061 1759-507X","hybrid","1"
"SAGE Publishing","Global Advances in Integrative Medicine and Health","2753-6130","2753-6130","hybrid","1"
"Unknown / no publisher","The Korean Association of General Education","1976-3212","1976-3212 2092-1616 2714-1101","hybrid","1"
"Unknown / no publisher","Journal of Mines Metals and Fuels","0022-2755","0022-2755","hybrid","1"
"Rainer Hampp Verlag","Journal of East European Management Studies","0949-6181","0949-6181 1862-0019","hybrid","1"
"Unknown / no publisher","Journal of Computers Mechanical and Management","3009-075X","3009-075X","hybrid","1"
"Unknown / no publisher","AVS Quantum Science","2639-0213","2639-0213","hybrid","1"
"Unknown / no publisher","Journal of Mathematics and Science Teacher","2752-6054","2752-6054","hybrid","1"
"Unknown / no publisher","Smart Wearable Technology","3122-7570","3122-7570","hybrid","1"
"Unknown / no publisher","Scientific Journal of Artificial Intelligence and Blockchain Technologies","3049-4389","3049-4389","hybrid","1"
"Unknown / no publisher","Premier journal of science.","3049-9011","3049-9011","hybrid","1"
"Unknown / no publisher","Transport Technician Education and Practice","2687-1025","2687-1025 2687-1033","hybrid","1"
"Unknown / no publisher","Journal of Emergency and Disaster Medicine","3059-4960","3059-4960","hybrid","1"
"Unknown / no publisher","Consumer Behavior in Tourism and Hospitality","2752-6666","2752-6666 2752-6674","hybrid","1"
"Scientific Scholar","Indian Journal of Physiology and Pharmacology","0019-5499","0019-5499 2582-2799","hybrid","1"
"Gustav Fischer Verlag","Jahrbücher für Nationalökonomie und Statistik","0021-4027","0021-4027 2366-049X","hybrid","1"
"Lippincott Williams & Wilkins","Current Opinion in HIV and AIDS","1746-630X","1746-630X 1746-6318","hybrid","1"
"Unknown / no publisher","Journal of Academic Biology and Biology Education","3062-9705","3062-9705","hybrid","1"
"Unknown / no publisher","The Proceedings of the International Conference on New Findings in Humanities and Social Sciences.","3030-0681","3030-0681","hybrid","1"
"Unknown / no publisher","Tropical Journal of Phytochemistry and Pharmaceutical Sciences","2955-1234","2955-1234","hybrid","1"
"Bentham Science Publishers","Current Nutrition & Food Science","1573-4013","1573-4013 2212-3881","hybrid","1"
"Unknown / no publisher","International Conference on Tourism Research","2516-3604","2516-3604 2516-3612","hybrid","1"
"Association for Computing Machinery","ACM Computing Surveys","0360-0300","0360-0300 1557-7341","hybrid","1"
"Institute of Electrical and Electronics Engineers","IEEE Sensors Letters","2475-1472","2475-1472","hybrid","1"
"Unknown / no publisher","Multidisciplinary Journal of Tourism, Hospitality, Sport and Physical Education","3062-9551","3062-9551","hybrid","1"
"Lippincott Williams & Wilkins","Journal of Geriatric Physical Therapy","1539-8412","1539-8412 2152-0895","hybrid","1"
"Universitas Pahlawan Tuanku Tambusai","RIGGS Journal of Artificial Intelligence and Digital Business","2963-914X","2963-914X 2963-9298","hybrid","1"
"Scientific Scholar","Indian Journal of Skin Allergy","2831-7947","2831-7947 2834-0671","hybrid","1"
"Unknown / no publisher","Cambodian journal of educational and social sciences.","3007-2328","3007-2328 3007-4649","hybrid","1"
"Unknown / no publisher","Scientific journal of humanities and social sciences.","2688-8653","2688-8653","hybrid","1"
"Unknown / no publisher","The International Journal of Educational Organization and Leadership","2329-1591","2329-1591 2329-1656","hybrid","1"
"Unknown / no publisher","Materials research proceedings","2474-3941","2474-3941 2474-395X","hybrid","1"
"Unknown / no publisher","The Proceedings of the Global Conference on Business, Management, and Marketing.","3030-0592","3030-0592","hybrid","1"
"Unknown / no publisher","Proceedings of The International Conference on Research in Management and Economics","3030-0282","3030-0282","hybrid","1"
"Unknown / no publisher","Journal of Education Innovation and Language Teaching (JEILT)","1550-9966","1550-9966","hybrid","1"
"Unknown / no publisher","Bhutan Journal for Business and Management","2079-7680","2079-7680 2663-1784","hybrid","1"
"Unknown / no publisher","Nepalese Journal of Hospitality and Tourism Management","2717-4948","2717-4948 2822-1796","hybrid","1"
"Unknown / no publisher","Jurnal Buana Farma","2797-2100","2797-2100","hybrid","1"
"Unknown / no publisher","IEEE data descriptions.","2995-4274","2995-4274","hybrid","1"
"Unknown / no publisher","Journal of Education and Teacher Training Innovation","3025-3500","3025-3500","hybrid","1"
"Unknown / no publisher","Subhasita Journal of Buddhist and Religious Studies","2986-0032","2986-0032 2986-0040","hybrid","1"
"Unknown / no publisher","Occupation and professional education.","3005-8376","3005-8376","hybrid","1"
"Unknown / no publisher","Celebes Nursing Journal.","3063-9247","3063-9247 3063-9255","hybrid","1"
"e-Century Publishing Corporation","American Journal of Cancer Research","2156-6976","2156-6976","hybrid","1"
"Unknown / no publisher","BARUN Journal","3059-9032","3059-9032","hybrid","1"
"Unknown / no publisher","Ilgʻor iqtisodiyot va pedagogik texnologiyalar.","3060-4842","3060-4842","hybrid","1"
"Unknown / no publisher","Green Health International Journal of Health Sciences Nursing and Nutrition","3063-7309","3063-7309","hybrid","1"
"Unknown / no publisher","Journal of Educational Technology and Learning Creativity","3021-7865","3021-7865 3025-3888","hybrid","1"
"Akadémiai Kiadó","Acta Alimentaria","0139-3006","0139-3006 1588-2535","hybrid","1"
"Unknown / no publisher","Asian Journal of Management Entrepreneurship and Social Science","2808-7399","2808-7399","hybrid","1"
"Unknown / no publisher","Gotong Royong","3047-8189","3047-8189","hybrid","1"
"American Physiological Society","Journal of Applied Physiology","1522-1601","1522-1601 8750-7587","hybrid","1"
"Unknown / no publisher","INTERNATIONAL JOURNAL OF RESEARCH AND ANALYTICAL REVIEWS","2348-1269","2348-1269 2349-5138","hybrid","1"
"Unknown / no publisher","Journal of higher vocational education.","3005-5784","3005-5784","hybrid","1"
"Unknown / no publisher","Journal of Agriculture and Forestry University","2594-3146","2594-3146","hybrid","1"
"Karger Publishers","Phonetica","0031-8388","0031-8388 1423-0321","hybrid","1"
"Unknown / no publisher","Dhaulagiri Journal of Contemporary Issues","2990-7993","2990-7993","hybrid","1"
"Universitas Pahlawan Tuanku Tambusai","Jurnal Medika.","2985-7295","2985-7295","hybrid","1"
"Unknown / no publisher","International Social Research Nexus (ISRN)","3105-0069","3105-0069","hybrid","1"
"Columbia University Libraries","openwork","2767-7060","2767-7060","hybrid","1"
"Unknown / no publisher","International education journal","1443-1475","1443-1475 2202-493X","hybrid","1"
"Unknown / no publisher","Constructionism Conference Proceedings","3042-7835","3042-7835","hybrid","1"
"Unknown / no publisher","3 SEKTÖR SOSYAL EKONOMİ DERGİSİ","2148-1237","2148-1237 2587-0114","hybrid","1"
"Unknown / no publisher","International Journal of Educational Practices and Engineering.","3028-9882","3028-9882","hybrid","1"
"Unknown / no publisher","Conference on Digital Government Research","3050-8681","3050-8681","hybrid","1"
"Unknown / no publisher","Daehan imsang geon-gang jeungjin hakoeji/Daehan imsang geon'gang jeungjin haghoeji","1598-1401","1598-1401 2093-5676","hybrid","1"
"Unknown / no publisher","Education insights.","3008-0789","3008-0789 3008-0797","hybrid","1"
"Unknown / no publisher","Journal of Advanced Research in Business and Management Studies","2462-1935","2462-1935","hybrid","1"
"Unknown / no publisher","International Journal of Environmental Sciences","2229-7359","2229-7359","hybrid","1"
"Unknown / no publisher","Journal des anthropologues","1156-0428","1156-0428 2114-2203","hybrid","1"
"Unknown / no publisher","Research in Clinical Pharmacy","2983-0745","2983-0745","hybrid","1"
"Lippincott Williams & Wilkins","The Journal of Perinatal & Neonatal Nursing","0893-2190","0893-2190 1550-5073","hybrid","1"
"Unknown / no publisher","Recent Progress in Sciences","3067-1574","3067-1574","hybrid","1"
"Unknown / no publisher","Educational Researcher Journal","3064-500X","3064-500X","hybrid","1"
"Medknow","Indian Journal of Ophthalmology - Case Reports","2772-3070","2772-3070 2772-3089","hybrid","1"
"Lippincott Williams & Wilkins","JBI Evidence Implementation","2691-3321","2691-3321","hybrid","1"
"BMJ","Journal of Medical Genetics","0022-2593","0022-2593 1468-6244","hybrid","1"
"Unknown / no publisher","International Journal of Management Public Policy and Research","2583-3014","2583-3014","hybrid","1"
"Unknown / no publisher","International Journal of Economics, Commerce, and Management.","3047-9754","3047-9754","hybrid","1"
"Unknown / no publisher","IJBAMS International Journal of Business Accounting Management Social Science","3109-2284","3109-2284","hybrid","1"
"Unknown / no publisher","Proceedings of the International Conference on Social Sciences in the 21st Century","3030-1092","3030-1092","hybrid","1"
"Unknown / no publisher","Premier Journal of Plant Biology","2977-5965","2977-5965","hybrid","1"
"Unknown / no publisher","Journal of Healthcare and Biomedical Science","2986-3376","2986-3376","hybrid","1"
"Unknown / no publisher","Proceedings of the International Conference on Research in Behavioral and Social Sciences","3030-0916","3030-0916","hybrid","1"
"Unknown / no publisher","East Journal of Human Science","3079-9384","3079-9384","hybrid","1"
"Unknown / no publisher","Advances In Image and Video Processing","2054-7412","2054-7412","hybrid","1"
"Unknown / no publisher","Pedagogy review","3028-1040","3028-1040 3028-1059","hybrid","1"
"Unknown / no publisher","Digital Culture and Education Review","3068-7934","3068-7934","hybrid","1"
"Unknown / no publisher","International Journal of Cooperative Law","2799-2306","2799-2306","hybrid","1"
"Elsevier BV","Chinese Journal of Natural Medicines","1672-3651","1672-3651 1875-5364 2095-6975","hybrid","1"
"Universitas Islam Sultan Agung","Law Development Journal","2747-2604","2747-2604","hybrid","1"
"Unknown / no publisher","eMicrobe","3083-4341","3083-4341","hybrid","1"
"Unknown / no publisher","Journal of Computing and Electronic Information Management","2413-1660","2413-1660","hybrid","1"
"Springer Nature","Springer proceedings in physics","0930-8989","0930-8989 1867-4941","hybrid","1"
"Unknown / no publisher","International Journal of Creative Future and Heritage (TENIAT)","2289-4527","2289-4527 2716-6430","hybrid","1"
"Unknown / no publisher","International Journal of Performing Arts (IJPA)","2962-4193","2962-4193","hybrid","1"
"Lippincott Williams & Wilkins","Journal of Ect","1095-0680","1095-0680 1533-4112","hybrid","1"
"Unknown / no publisher","Jurnal Pendidikan Sosial Indonesia","3025-9479","3025-9479","hybrid","1"
"Unknown / no publisher","Problems of Social Hygiene Public Health and History of Medicine","0869-866X","0869-866X 2412-2106","hybrid","1"
"Unknown / no publisher","Pakistan Journal of Life and Social Sciences (PJLSS)","1727-4915","1727-4915 2221-7630","hybrid","1"
"Unknown / no publisher","Multicultural Islamic Education Review","3025-8839","3025-8839","hybrid","1"
"Unknown / no publisher","Satoyama initiative thematic review","2731-5169","2731-5169 2731-5177","hybrid","1"
"Unknown / no publisher","Journal of Education and Educational Policy Studies","3049-7248","3049-7248 3049-7256","hybrid","1"
"Unknown / no publisher","Minerva Dental and Oral Science","2724-6329","2724-6329 2724-6337","hybrid","1"
"BMJ","Emergency Medicine Journal","1472-0205","1472-0205 1472-0213","hybrid","1"
"Future Medicine","Nanomedicine","1743-5889","1743-5889 1748-6963","hybrid","1"
"Peking University Press","Annals of economics and finance","1529-7373","1529-7373","hybrid","1"
"Unknown / no publisher","Journal of Sustainable Competitive Intelligence","3085-7813","3085-7813","hybrid","1"
"Unknown / no publisher","Life Studies","3067-0063","3067-0063","hybrid","1"
"Bioscientifica","Journal of Endocrinology","0022-0795","0022-0795 1479-6805","hybrid","1"
"SAGE Publishing","Journal of Pharmacology and Pharmacotherapeutics","0976-500X","0976-500X 0976-5018","hybrid","1"
"Unknown / no publisher","Integrative Medicine in Nephrology and Andrology","2773-0387","2773-0387","hybrid","1"
"Unknown / no publisher","Journal of the American Institute","3066-3776","3066-3776","hybrid","1"
"Unknown / no publisher","香港文理研究院学报","3008-0347","3008-0347","hybrid","1"
"Unknown / no publisher","Pacific Media Monographs","3021-2634","3021-2634 3021-2642","hybrid","1"
"Unknown / no publisher","International Journal on Engineering Applications (IREA)","2281-2881","2281-2881 2281-289X 2533-2295","hybrid","1"
"De Gruyter","Journal of Complementary and Integrative Medicine","1553-3840","1553-3840 2194-6329","hybrid","1"
"Unknown / no publisher","Post–Soviet Continent","2311-6412","2311-6412","hybrid","1"
"American Physical Society","American Journal of Physiology-Cell Physiology","0363-6143","0363-6143 1522-1563","hybrid","1"
"Unknown / no publisher","Sciencepaper Online","","","hybrid","1"
"Medknow","International journal of Nutrition Pharmacology Neurological Diseases","2231-0738","2231-0738 2231-2722","hybrid","1"
"Hylonome Editions","Journal of Musculoskeletal and Neuronal Interactions","1108-7161","1108-7161","hybrid","1"
"Unknown / no publisher","Interdisciplinary Energy Judgement & Transition Studies","3120-3892","3120-3892","hybrid","1"
"Wydawnictwo Adam Marszałek","The New Educational Review","1732-6729","1732-6729","hybrid","1"
"IntechOpen","AI Computer Science and Robotics Technology","2754-6292","2754-6292","hybrid","1"
"Unknown / no publisher","Neurology India Case Report","3117-7565","3117-7565","hybrid","1"
"Medknow","Journal of Conservative Dentistry and Endodontics","2950-4708","2950-4708 2950-4716","hybrid","1"
"BMJ","Journal of Clinical Pathology","0021-9746","0021-9746 1472-4146","hybrid","1"
"Royal Society","Journal of The Royal Society Interface","1742-5662","1742-5662 1742-5689","hybrid","1"
"Unknown / no publisher","Journal of High School Science","2575-6206","2575-6206","hybrid","1"
"Unknown / no publisher","EDUCATIONAL Jurnal Inovasi Pendidikan & Pengajaran","2775-2585","2775-2585 2775-2593","hybrid","1"
"Unknown / no publisher","INNO-PRESS Journal of Emerging Applied AI","3104-5235","3104-5235","hybrid","1"
"Unknown / no publisher","International Journal of Innovation and Sustainability","3123-4216","3123-4216","hybrid","1"
"Unknown / no publisher","era Journal for Humanities and Sociology","2791-2264","2791-2264 2791-2272","hybrid","1"
"Unknown / no publisher","Glovento Journal of Integrated Studies","3117-3306","3117-3306 3117-3314","hybrid","1"
"Unknown / no publisher","Cuestiones de Fisioterapia","1135-8599","1135-8599","hybrid","1"
"Unknown / no publisher","Journal of Medical Education Development","2709-6238","2709-6238","hybrid","1"
"Unknown / no publisher","Journal of Nursing Management and Practice","3123-3376","3123-3376","hybrid","1"
"Unknown / no publisher","Impressions d’Extrême-Orient","2107-027X","2107-027X","hybrid","1"
"Unknown / no publisher","ICoBITS","3110-7176","3110-7176","hybrid","1"
"Unknown / no publisher","Spectrum of Humanities and Social Sciences","3059-9849","3059-9849","hybrid","1"
"Unknown / no publisher","Design and Art Studies","2982-3730","2982-3730","hybrid","1"
"Unknown / no publisher","Journal of the Korean Gastric Cancer Association","1598-1320","1598-1320 2093-5641 2093-582X","hybrid","1"
"Unknown / no publisher","Literary Horizons Review","3122-699X","3122-699X","hybrid","1"
"Unknown / no publisher","Journal of Veterinary Clinics","1598-298X","1598-298X 2384-0749","hybrid","1"
"Unknown / no publisher","The Proceedings of the International Conference on Research in Social Sciences.","3030-0452","3030-0452","hybrid","1"
"Springer Science+Business Media","Psycho-Oncologie","1778-3798","1778-3798 1778-381X","hybrid","1"
"Springer Nature","Evidence-Based Approaches to Peace and Conflict Studies","2730-5651","2730-5651 2730-566X","hybrid","1"
"Science Publishing Group","Innovation","2994-7138","2994-7138","hybrid","1"
"Unknown / no publisher","Visual Culture Innovations","3122-7147","3122-7147","hybrid","1"
"Unknown / no publisher","INTERNATIONAL SEMINAR","2714-8149","2714-8149","hybrid","1"
"Unknown / no publisher","Journal of medical & health sciences review.","3007-3081","3007-3081 3007-309X","hybrid","1"
"Unknown / no publisher","Sociale Journal of Social and Political Sciences","3110-5637","3110-5637","hybrid","1"
"Penerbit Universiti Sains Malaysia","Asia Pacific Journal of Educators and Education","2180-3463","2180-3463 2289-9057","hybrid","1"
"Unknown / no publisher","Journal of Digital Society","3089-7297","3089-7297","hybrid","1"
"Unknown / no publisher","Food Science and Preservation","3022-5477","3022-5477 3022-5485","hybrid","1"
"Unknown / no publisher","Journal of MedVerse Research & Practice","3107-4278","3107-4278","hybrid","1"
"Unknown / no publisher","วารสารวิชาการบัณฑิตศึกษา","3027-8686","3027-8686 3027-8740","hybrid","1"
"Indian Academy of Forensic Medicine","Journal of Indian Academy of Forensic Medicine","0971-0973","0971-0973 0974-0848","hybrid","1"
"Unknown / no publisher","Management Sustainability and Life Span","3123-6995","3123-6995","hybrid","1"
"Unknown / no publisher","The New England Journal of Statistics in Data Science","2693-7166","2693-7166","hybrid","1"
"Unknown / no publisher","Oshada.","3047-017X","3047-017X","hybrid","1"
"Unknown / no publisher","Gusau Journal of Entrepreneurship Development","2756-6757","2756-6757","hybrid","1"
"Unknown / no publisher","Journal of Social Science and Humanities","1811-1564","1811-1564","hybrid","1"
"Unknown / no publisher","Journal of Cardio-oncology","2097-4728","2097-4728 3066-8735","hybrid","1"
"Unknown / no publisher","Contemporary Sustainability Development","3107-1783","3107-1783 3107-1791","hybrid","1"
"Unknown / no publisher","International Journal of Science and Social Science Research","2583-7877","2583-7877","hybrid","1"
"Unknown / no publisher","Journal of Science and Mathematics Education","3090-0336","3090-0336","hybrid","1"
"Unknown / no publisher","The Journal of Education Insights","2972-4856","2972-4856","hybrid","1"
"Unknown / no publisher","Create Journal of Islamic Management and Business","3108-9496","3108-9496","hybrid","1"
"Unknown / no publisher","IJCRE - International Journal of Culture Religion and Education","3123-9552","3123-9552","hybrid","1"
"Unknown / no publisher","Vitalitas Medis : Jurnal Kesehatan Dan Kedokteran","3046-5184","3046-5184","hybrid","1"
"Unknown / no publisher","Journal of Health Innovation and Environmental Education.","3062-9632","3062-9632","hybrid","1"
"Council for Social and Economic Studies","The Journal of social, political, and economic studies","0278-839X","0278-839X","hybrid","1"
"Unknown / no publisher","Journal of Psychological Insight","3090-0700","3090-0700 3090-1596","hybrid","1"
"Unknown / no publisher","ASEAN Journal of Psychiatry","2231-7791","2231-7791 2231-7805","hybrid","1"
"Unknown / no publisher","International Journal of Electrical and Intelligent Engineering","3110-7079","3110-7079","hybrid","1"
"Unknown / no publisher","Jurnal Hukum Malahayati","2775-8974","2775-8974 2775-8982","hybrid","1"
"Unknown / no publisher","International Journal of Criminology & Justice","3142-8908","3142-8908","hybrid","1"
"Unknown / no publisher","International Journal on Advanced Computer Engineering and Communication Technology","2278-5140","2278-5140","hybrid","1"
"Unknown / no publisher","Jana Nexus Journal of Agricultural Veterinary and Environmental Sciences","3139-0765","3139-0765","hybrid","1"